i,t,rho,beta,power,flux,s_Fuel,s_Precursors,s_Absorber,s_Water
0,0,0,0,6.202880759814333,7.39315759621551e-13,212.7659574468085,4.25531914893617e-14,1107.0483864642276,55555.555555555555
10,0.49999999999999994,0.02748856775835548,0.009698210252059771,6.502113083584621,7.749809902325896e-13,212.76595744680512,2.0262424767291712e-14,1107.0483864642276,55555.555555555555
20,1.0000000000000002,0.003449112454609597,0.008316295755143085,6.539876868369391,7.79482021659022e-13,212.7659574468017,1.7449282583125452e-14,1107.0483864642276,55555.555555555555
30,1.5000000000000007,0.00043497721300757254,0.00814275523671051,6.544642766403717,7.800500647444789e-13,212.7659574467983,1.7094258118037696e-14,1107.0483864642276,55555.555555555555
40,2.000000000000001,5.489854522761869e-05,0.008120867682871364,6.5452442608187535,7.801217563209545e-13,212.76595744679489,1.7049453346787477e-14,1107.0483864642276,55555.555555555555
50,2.499999999999999,6.936766662182885e-06,0.008118105643889024,6.54532019862326,7.801308072793392e-13,212.76595744679148,1.7043798961906314e-14,1107.0483864642276,55555.555555555555
60,2.9999999999999973,8.839668978675219e-07,0.008117757072140963,6.545329810063304,7.801319528582037e-13,212.76595744678806,1.7043085439204537e-14,1107.0483864642276,55555.555555555555
70,3.4999999999999956,1.200918182217781e-07,0.008117713081699103,6.545331050974448,7.80132100761283e-13,212.76595744678465,1.7042995463836675e-14,1107.0483864642276,55555.555555555555
80,3.999999999999994,2.3689058966943484e-08,0.00811770753001274,6.545331235506637,7.801321227555081e-13,212.76595744678124,1.7042984181470015e-14,1107.0483864642276,55555.555555555555
90,4.499999999999992,1.1522713930337884e-08,0.00811770682937834,6.54533128672117,7.801321288597221e-13,212.76595744677783,1.7042982830326803e-14,1107.0483864642276,55555.555555555555
100,4.99999999999999,9.987176343793058e-09,0.008117706740957019,6.545331321110358,7.801321329585384e-13,212.76595744677442,1.7042982732524172e-14,1107.0483864642276,55555.555555555555
110,5.4999999999999885,9.79327797209279e-09,0.008117706729798288,6.545331353375775,7.801321368042242e-13,212.765957446771,1.7042982792894814e-14,1107.0483864642276,55555.555555555555
120,5.999999999999987,9.768689791952188e-09,0.008117706728390265,6.5453313853727915,7.801321406179198e-13,212.7659574467676,1.7042982873226284e-14,1107.0483864642276,55555.555555555555
130,6.499999999999985,9.765475102173633e-09,0.0081177067282128,6.5453314173355635,7.801321444275337e-13,212.7659574467642,1.7042982956075876e-14,1107.0483864642276,55555.555555555555
140,6.999999999999983,9.764955416693435e-09,0.008117706728190639,6.545331449293631,7.801321482365869e-13,212.76595744676078,1.704298303924228e-14,1107.0483864642276,55555.555555555555
150,7.499999999999981,9.764771542979959e-09,0.008117706728188068,6.545331481250736,7.801321520455254e-13,212.76595744675737,1.7042983122447686e-14,1107.0483864642276,55555.555555555555
160,7.99999999999998,9.764634070701077e-09,0.008117706728187976,6.545331513207339,7.801321558544042e-13,212.76595744675396,1.7042983205657037e-14,1107.0483864642276,55555.555555555555
170,8.499999999999986,9.764499575364026e-09,0.008117706728188198,6.545331545163508,7.801321596632311e-13,212.76595744675055,1.7042983288865918e-14,1107.0483864642276,55555.555555555555
180,8.999999999999993,9.764369966093206e-09,0.008117706728188456,6.545331577119245,7.801321634720066e-13,212.76595744674714,1.7042983372073754e-14,1107.0483864642276,55555.555555555555
190,9.5,9.764237056304078e-09,0.008117706728188722,6.545331609074547,7.801321672807302e-13,212.76595744674373,1.7042983455280477e-14,1107.0483864642276,55555.555555555555
200,10.000000000000007,9.76410883843286e-09,0.008117706728188984,6.545331641029425,7.801321710894033e-13,212.76595744674032,1.7042983538486086e-14,1107.0483864642276,55555.555555555555
210,10.500000000000014,9.763977320043352e-09,0.008117706728189249,6.5453316729838695,7.801321748980246e-13,212.7659574467369,1.704298362169057e-14,1107.0483864642276,55555.555555555555
220,11.000000000000021,9.763846351742456e-09,0.008117706728189511,6.545331704937889,7.801321787065954e-13,212.7659574467335,1.7042983704893946e-14,1107.0483864642276,55555.555555555555
230,11.500000000000028,9.763714121479896e-09,0.008117706728189776,6.545331736891475,7.801321825151145e-13,212.76595744673008,1.7042983788096198e-14,1107.0483864642276,55555.555555555555
240,12.000000000000036,9.76358049982352e-09,0.008117706728190042,6.545331768844633,7.801321863235824e-13,212.76595744672667,1.7042983871297332e-14,1107.0483864642276,55555.555555555555
250,12.500000000000043,9.763449725676653e-09,0.008117706728190307,6.545331800797357,7.801321901319989e-13,212.76595744672326,1.704298395449734e-14,1107.0483864642276,55555.555555555555
260,13.00000000000005,9.763317592494012e-09,0.008117706728190573,6.545331832749652,7.801321939403641e-13,212.76595744671985,1.704298403769623e-14,1107.0483864642276,55555.555555555555
270,13.500000000000057,9.763186171190185e-09,0.008117706728190838,6.545331864701519,7.801321977486782e-13,212.76595744671644,1.7042984120894002e-14,1107.0483864642276,55555.555555555555
280,14.000000000000064,9.763057565037762e-09,0.0081177067281911,6.545331896652953,7.801322015569408e-13,212.76595744671303,1.704298420409065e-14,1107.0483864642276,55555.555555555555
290,14.500000000000071,9.762923360946343e-09,0.008117706728191364,6.54533192860396,7.801322053651525e-13,212.76595744670962,1.704298428728618e-14,1107.0483864642276,55555.555555555555
300,15.000000000000078,9.762792069080451e-09,0.00811770672819163,6.545331960554534,7.801322091733125e-13,212.7659574467062,1.7042984370480587e-14,1107.0483864642276,55555.555555555555
310,15.500000000000085,9.762661327303147e-09,0.008117706728191895,6.545331992504682,7.801322129814219e-13,212.7659574467028,1.7042984453673886e-14,1107.0483864642276,55555.555555555555
320,16.000000000000092,9.762531265046584e-09,0.008117706728192156,6.545332024454401,7.801322167894802e-13,212.7659574466994,1.7042984536866065e-14,1107.0483864642276,55555.555555555555
330,16.5000000000001,9.762397934629982e-09,0.008117706728192425,6.545332056403688,7.801322205974867e-13,212.76595744669598,1.7042984620057124e-14,1107.0483864642276,55555.555555555555
340,17.000000000000107,9.762269328489013e-09,0.008117706728192687,6.545332088352546,7.801322244054423e-13,212.76595744669257,1.704298470324706e-14,1107.0483864642276,55555.555555555555
350,17.500000000000114,9.762139460386433e-09,0.008117706728192951,6.545332120300973,7.801322282133464e-13,212.76595744668916,1.7042984786435876e-14,1107.0483864642276,55555.555555555555
360,18.00000000000012,9.762006032901496e-09,0.008117706728193215,6.545332152248972,7.801322320211996e-13,212.76595744668575,1.7042984869623577e-14,1107.0483864642276,55555.555555555555
370,18.500000000000128,9.761871343455002e-09,0.00811770672819348,6.545332184196539,7.801322358290013e-13,212.76595744668234,1.7042984952810153e-14,1107.0483864642276,55555.555555555555
380,19.000000000000135,9.761739501517848e-09,0.008117706728193747,6.545332216143674,7.801322396367515e-13,212.76595744667893,1.704298503599561e-14,1107.0483864642276,55555.555555555555
390,19.500000000000142,9.7616123838562e-09,0.00811770672819401,6.545332248090383,7.801322434444509e-13,212.76595744667551,1.704298511917995e-14,1107.0483864642276,55555.555555555555
400,20.00000000000015,9.761479927120157e-09,0.008117706728194276,6.545332280036658,7.801322472520985e-13,212.7659574466721,1.7042985202363167e-14,1107.0483864642276,55555.555555555555
410,20.500000000000156,9.761347988114646e-09,0.008117706728194538,6.545332311982507,7.801322510596955e-13,212.7659574466687,1.7042985285545267e-14,1107.0483864642276,55555.555555555555
420,21.000000000000163,9.761216922778091e-09,0.008117706728194805,6.545332343927922,7.801322548672407e-13,212.76595744666528,1.7042985368726242e-14,1107.0483864642276,55555.555555555555
430,21.50000000000017,9.761082330417352e-09,0.008117706728195067,6.545332375872911,7.80132258674735e-13,212.76595744666187,1.7042985451906102e-14,1107.0483864642276,55555.555555555555
440,22.000000000000178,9.760954727394661e-09,0.008117706728195333,6.545332407817467,7.801322624821779e-13,212.76595744665846,1.7042985535084842e-14,1107.0483864642276,55555.555555555555
450,22.500000000000185,9.760819520235092e-09,0.008117706728195598,6.545332439761595,7.801322662895697e-13,212.76595744665505,1.7042985618262466e-14,1107.0483864642276,55555.555555555555
460,23.000000000000192,9.760689134425014e-09,0.008117706728195862,6.545332471705294,7.801322700969103e-13,212.76595744665164,1.7042985701438966e-14,1107.0483864642276,55555.555555555555
470,23.5000000000002,9.760557454295374e-09,0.008117706728196129,6.5453325036485595,7.801322739041993e-13,212.76595744664823,1.7042985784614352e-14,1107.0483864642276,55555.555555555555
480,24.000000000000206,9.760426453686433e-09,0.008117706728196391,6.545332535591398,7.801322777114374e-13,212.76595744664482,1.704298586778861e-14,1107.0483864642276,55555.555555555555
490,24.500000000000213,9.760298268228603e-09,0.008117706728196656,6.545332567533804,7.80132281518624e-13,212.7659574466414,1.7042985950961754e-14,1107.0483864642276,55555.555555555555
500,25.00000000000022,9.760164452474307e-09,0.008117706728196918,6.545332599475785,7.801322853257598e-13,212.765957446638,1.7042986034133782e-14,1107.0483864642276,55555.555555555555
510,25.500000000000227,9.760033548945237e-09,0.008117706728197185,6.545332631417332,7.80132289132844e-13,212.7659574466346,1.7042986117304684e-14,1107.0483864642276,55555.555555555555
520,26.000000000000234,9.759901221664488e-09,0.008117706728197449,6.545332663358451,7.801322929398771e-13,212.76595744663118,1.7042986200474473e-14,1107.0483864642276,55555.555555555555
530,26.50000000000024,9.759769638620504e-09,0.008117706728197713,6.5453326952991375,7.801322967468587e-13,212.76595744662777,1.704298628364313e-14,1107.0483864642276,55555.555555555555
540,27.00000000000025,9.759636728898974e-09,0.008117706728197978,6.545332727239396,7.801323005537893e-13,212.76595744662436,1.704298636681068e-14,1107.0483864642276,55555.555555555555
550,27.500000000000256,9.75950857581063e-09,0.008117706728198242,6.545332759179225,7.801323043606687e-13,212.76595744662094,1.7042986449977107e-14,1107.0483864642276,55555.555555555555
560,28.000000000000263,9.759377154562591e-09,0.008117706728198509,6.545332791118621,7.801323081674965e-13,212.76595744661753,1.7042986533142414e-14,1107.0483864642276,55555.555555555555
570,28.50000000000027,9.759246251045035e-09,0.008117706728198771,6.545332823057591,7.801323119742736e-13,212.76595744661412,1.7042986616306602e-14,1107.0483864642276,55555.555555555555
580,29.000000000000277,9.759112111725882e-09,0.00811770672819904,6.545332854996127,7.801323157809988e-13,212.7659574466107,1.704298669946967e-14,1107.0483864642276,55555.555555555555
590,29.500000000000284,9.758982761397869e-09,0.008117706728199302,6.545332886934235,7.80132319587673e-13,212.7659574466073,1.7042986782631613e-14,1107.0483864642276,55555.555555555555
600,30.00000000000029,9.758852052034292e-09,0.008117706728199565,6.545332918871912,7.80132323394296e-13,212.7659574466039,1.7042986865792436e-14,1107.0483864642276,55555.555555555555
610,30.5000000000003,9.758717912720947e-09,0.008117706728199833,6.5453329508091596,7.801323272008677e-13,212.76595744660048,1.7042986948952146e-14,1107.0483864642276,55555.555555555555
620,31.000000000000306,9.758588497682597e-09,0.008117706728200093,6.545332982745981,7.801323310073886e-13,212.76595744659707,1.704298703211074e-14,1107.0483864642276,55555.555555555555
630,31.500000000000313,9.758457885398887e-09,0.008117706728200358,6.545333014682367,7.801323348138575e-13,212.76595744659366,1.7042987115268205e-14,1107.0483864642276,55555.555555555555
640,32.00000000000032,9.758323746091347e-09,0.008117706728200624,6.5453330466183255,7.801323386202758e-13,212.76595744659025,1.7042987198424557e-14,1107.0483864642276,55555.555555555555
650,32.50000000000029,9.758194492848914e-09,0.008117706728200887,6.545333078553854,7.801323424266426e-13,212.76595744658684,1.7042987281579786e-14,1107.0483864642276,55555.555555555555
660,33.00000000000026,9.758059771100643e-09,0.008117706728201154,6.5453331104889525,7.801323462329581e-13,212.76595744658343,1.7042987364733902e-14,1107.0483864642276,55555.555555555555
670,33.500000000000234,9.757929935417435e-09,0.00811770672820142,6.54533314242362,7.801323500392222e-13,212.76595744658002,1.7042987447886887e-14,1107.0483864642276,55555.555555555555
680,34.000000000000206,9.757796669784568e-09,0.008117706728201685,6.5453331743578556,7.80132353845435e-13,212.7659574465766,1.7042987531038756e-14,1107.0483864642276,55555.555555555555
690,34.50000000000018,9.757668128426527e-09,0.008117706728201944,6.545333206291667,7.801323576515971e-13,212.7659574465732,1.7042987614189507e-14,1107.0483864642276,55555.555555555555
700,35.00000000000015,9.757538357465121e-09,0.008117706728202211,6.5453332382250435,7.801323614577075e-13,212.7659574465698,1.7042987697339138e-14,1107.0483864642276,55555.555555555555
710,35.50000000000012,9.757405091838035e-09,0.008117706728202475,6.545333270157992,7.801323652637668e-13,212.76595744656638,1.7042987780487653e-14,1107.0483864642276,55555.555555555555
720,36.00000000000009,9.757274641361763e-09,0.008117706728202738,6.54533330209051,7.801323690697749e-13,212.76595744656296,1.7042987863635044e-14,1107.0483864642276,55555.555555555555
730,36.500000000000064,9.757140728577887e-09,0.008117706728203005,6.5453333340226,7.801323728757317e-13,212.76595744655955,1.704298794678132e-14,1107.0483864642276,55555.555555555555
740,37.000000000000036,9.757011734216936e-09,0.00811770672820327,6.545333365954256,7.801323766816371e-13,212.76595744655614,1.704298802992647e-14,1107.0483864642276,55555.555555555555
750,37.50000000000001,9.756879309906431e-09,0.008117706728203535,6.545333397885483,7.801323804874912e-13,212.76595744655273,1.70429881130705e-14,1107.0483864642276,55555.555555555555
760,37.99999999999998,9.756747532758504e-09,0.008117706728203798,6.545333429816284,7.801323842932945e-13,212.76595744654932,1.7042988196213418e-14,1107.0483864642276,55555.555555555555
770,38.49999999999995,9.756618603119346e-09,0.008117706728204064,6.54533346174665,7.801323880990461e-13,212.7659574465459,1.704298827935521e-14,1107.0483864642276,55555.555555555555
780,38.99999999999992,9.756484043184498e-09,0.008117706728204326,6.5453334936765915,7.80132391904747e-13,212.7659574465425,1.704298836249589e-14,1107.0483864642276,55555.555555555555
790,39.49999999999989,9.756356504944534e-09,0.008117706728204591,6.5453335256061,7.801323957103962e-13,212.7659574465391,1.7042988445635446e-14,1107.0483864642276,55555.555555555555
800,39.999999999999865,9.756219291654957e-09,0.008117706728204858,6.545333557535179,7.801323995159943e-13,212.76595744653568,1.7042988528773885e-14,1107.0483864642276,55555.555555555555
810,40.49999999999984,9.756091106258178e-09,0.00811770672820512,6.545333589463828,7.801324033215412e-13,212.76595744653227,1.70429886119112e-14,1107.0483864642276,55555.555555555555
820,40.99999999999981,9.755957484714013e-09,0.008117706728205387,6.545333621392045,7.801324071270365e-13,212.76595744652886,1.7042988695047396e-14,1107.0483864642276,55555.555555555555
830,41.49999999999978,9.755828522728288e-09,0.008117706728205646,6.545333653319836,7.801324109324812e-13,212.76595744652545,1.7042988778182475e-14,1107.0483864642276,55555.555555555555
840,41.99999999999975,9.755698395855348e-09,0.008117706728205915,6.5453336852471935,7.801324147378741e-13,212.76595744652204,1.7042988861316436e-14,1107.0483864642276,55555.555555555555
850,42.49999999999972,9.755564644884843e-09,0.008117706728206178,6.545333717174126,7.801324185432164e-13,212.76595744651863,1.704298894444928e-14,1107.0483864642276,55555.555555555555
860,42.999999999999694,9.75543581233697e-09,0.00811770672820644,6.545333749100626,7.801324223485071e-13,212.76595744651522,1.7042989027581e-14,1107.0483864642276,55555.555555555555
870,43.499999999999666,9.75530160835791e-09,0.008117706728206709,6.545333781026693,7.801324261537463e-13,212.7659574465118,1.7042989110711602e-14,1107.0483864642276,55555.555555555555
880,43.99999999999964,9.755170057739296e-09,0.008117706728206971,6.545333812952335,7.801324299589347e-13,212.7659574465084,1.7042989193841083e-14,1107.0483864642276,55555.555555555555
890,44.49999999999961,9.7550393484314e-09,0.00811770672820724,6.545333844877542,7.801324337640713e-13,212.76595744650498,1.7042989276969446e-14,1107.0483864642276,55555.555555555555
900,44.99999999999958,9.754907085939963e-09,0.0081177067282075,6.545333876802324,7.801324375691574e-13,212.76595744650157,1.704298936009669e-14,1107.0483864642276,55555.555555555555
910,45.49999999999955,9.754775664759244e-09,0.008117706728207765,6.545333908726674,7.801324413741917e-13,212.76595744649816,1.7042989443222813e-14,1107.0483864642276,55555.555555555555
920,45.999999999999524,9.754644890741041e-09,0.008117706728208031,6.545333940650595,7.801324451791751e-13,212.76595744649475,1.7042989526347822e-14,1107.0483864642276,55555.555555555555
930,46.499999999999496,9.75451482860141e-09,0.008117706728208293,6.5453339725740864,7.801324489841071e-13,212.76595744649134,1.7042989609471705e-14,1107.0483864642276,55555.555555555555
940,46.99999999999947,9.754379330314725e-09,0.008117706728208562,6.545334004497145,7.801324527889878e-13,212.76595744648793,1.7042989692594474e-14,1107.0483864642276,55555.555555555555
950,47.49999999999944,9.754250724290263e-09,0.008117706728208824,6.545334036419776,7.801324565938173e-13,212.76595744648452,1.7042989775716117e-14,1107.0483864642276,55555.555555555555
960,47.99999999999941,9.754118753032657e-09,0.00811770672820909,6.545334068341973,7.801324603985952e-13,212.7659574464811,1.7042989858836642e-14,1107.0483864642276,55555.555555555555
970,48.49999999999938,9.753987364221497e-09,0.008117706728209353,6.545334100263747,7.801324642033225e-13,212.7659574464777,1.704298994195605e-14,1107.0483864642276,55555.555555555555
980,48.99999999999935,9.753856752004957e-09,0.008117706728209616,6.545334132185086,7.801324680079982e-13,212.7659574464743,1.704299002507434e-14,1107.0483864642276,55555.555555555555
990,49.499999999999325,9.753724813111154e-09,0.008117706728209884,6.545334164105998,7.801324718126227e-13,212.76595744647088,1.7042990108191507e-14,1107.0483864642276,55555.555555555555
1000,49.9999999999993,9.753593586095908e-09,0.008117706728210149,6.5453341960264755,7.801324756171957e-13,212.76595744646747,1.7042990191307552e-14,1107.0483864642276,55555.555555555555
1010,50.49999999999927,9.753461064761447e-09,0.008117706728210414,6.545334227946524,7.801324794217175e-13,212.76595744646406,1.7042990274422476e-14,1107.0483864642276,55555.555555555555
1020,50.99999999999924,9.753331196787233e-09,0.008117706728210676,6.545334259866146,7.801324832261885e-13,212.76595744646065,1.7042990357536284e-14,1107.0483864642276,55555.555555555555
1030,51.49999999999921,9.753198028296062e-09,0.008117706728210945,6.545334291785334,7.801324870306077e-13,212.76595744645724,1.7042990440648974e-14,1107.0483864642276,55555.555555555555
1040,51.99999999999918,9.75306544225133e-09,0.008117706728211205,6.545334323704095,7.80132490834976e-13,212.76595744645383,1.7042990523760538e-14,1107.0483864642276,55555.555555555555
1050,52.499999999999154,9.752937871702849e-09,0.00811770672821147,6.545334355622423,7.801324946392926e-13,212.76595744645041,1.7042990606870982e-14,1107.0483864642276,55555.555555555555
1060,52.999999999999126,9.752806677057147e-09,0.008117706728211735,6.5453343875403265,7.801324984435588e-13,212.765957446447,1.7042990689980318e-14,1107.0483864642276,55555.555555555555
1070,53.4999999999991,9.75267415573424e-09,0.008117706728211998,6.545334419457797,7.801325022477733e-13,212.7659574464436,1.704299077308853e-14,1107.0483864642276,55555.555555555555
1080,53.99999999999907,9.752542378647895e-09,0.008117706728212264,6.545334451374838,7.801325060519367e-13,212.76595744644018,1.7042990856195624e-14,1107.0483864642276,55555.555555555555
1090,54.49999999999904,9.752411313440074e-09,0.008117706728212529,6.54533448329145,7.801325098560488e-13,212.76595744643677,1.7042990939301596e-14,1107.0483864642276,55555.555555555555
1100,54.99999999999901,9.752278921555066e-09,0.008117706728212794,6.545334515207631,7.801325136601096e-13,212.76595744643336,1.7042991022406452e-14,1107.0483864642276,55555.555555555555
1110,55.499999999998984,9.752147144474495e-09,0.008117706728213056,6.5453345471233835,7.801325174641193e-13,212.76595744642995,1.7042991105510187e-14,1107.0483864642276,55555.555555555555
1120,55.999999999998956,9.75201620870455e-09,0.008117706728213322,6.545334579038703,7.801325212680774e-13,212.76595744642654,1.7042991188612796e-14,1107.0483864642276,55555.555555555555
1130,56.49999999999893,9.75188579066494e-09,0.008117706728213585,6.545334610953598,7.80132525071985e-13,212.76595744642313,1.70429912717143e-14,1107.0483864642276,55555.555555555555
1140,56.9999999999989,9.75175417538027e-09,0.008117706728213851,6.545334642868059,7.801325288758408e-13,212.76595744641972,1.7042991354814675e-14,1107.0483864642276,55555.555555555555
1150,57.49999999999887,9.751621168702396e-09,0.008117706728214116,6.54533467478209,7.801325326796453e-13,212.7659574464163,1.7042991437913933e-14,1107.0483864642276,55555.555555555555
1160,57.99999999999884,9.751490912458675e-09,0.008117706728214378,6.5453347066956935,7.801325364833989e-13,212.7659574464129,1.7042991521012068e-14,1107.0483864642276,55555.555555555555
1170,58.49999999999881,9.7513573233402e-09,0.008117706728214647,6.545334738608862,7.801325402871007e-13,212.7659574464095,1.7042991604109085e-14,1107.0483864642276,55555.555555555555
1180,58.999999999998785,9.751228490853451e-09,0.008117706728214907,6.545334770521605,7.801325440907517e-13,212.76595744640608,1.7042991687204982e-14,1107.0483864642276,55555.555555555555
1190,59.49999999999876,9.751098396405603e-09,0.008117706728215173,6.545334802433914,7.801325478943512e-13,212.76595744640267,1.704299177029976e-14,1107.0483864642276,55555.555555555555
1200,59.99999999999873,9.750964774934888e-09,0.008117706728215438,6.545334834345796,7.801325516978996e-13,212.76595744639926,1.7042991853393416e-14,1107.0483864642276,55555.555555555555
1210,60.4999999999987,9.75083610424399e-09,0.008117706728215704,6.545334866257247,7.801325555013965e-13,212.76595744639584,1.7042991936485953e-14,1107.0483864642276,55555.555555555555
1220,60.99999999999867,9.750699894135132e-09,0.008117706728215972,6.5453348981682655,7.80132559304842e-13,212.76595744639243,1.704299201957737e-14,1107.0483864642276,55555.555555555555
1230,61.49999999999864,9.750572614843133e-09,0.008117706728216233,6.545334930078856,7.801325631082365e-13,212.76595744638902,1.7042992102667663e-14,1107.0483864642276,55555.555555555555
1240,61.999999999998614,9.750437796133234e-09,0.008117706728216498,6.545334961989016,7.801325669115797e-13,212.7659574463856,1.704299218575684e-14,1107.0483864642276,55555.555555555555
1250,62.499999999998586,9.750307701696885e-09,0.008117706728216758,6.54533499389875,7.801325707148721e-13,212.7659574463822,1.7042992268844898e-14,1107.0483864642276,55555.555555555555
1260,62.99999999999856,9.750178448571086e-09,0.008117706728217025,6.545335025808051,7.801325745181129e-13,212.7659574463788,1.704299235193184e-14,1107.0483864642276,55555.555555555555
1270,63.49999999999853,9.750043597508974e-09,0.00811770672821729,6.545335057716924,7.801325783213026e-13,212.76595744637538,1.7042992435017665e-14,1107.0483864642276,55555.555555555555
1280,63.9999999999985,9.749915735782044e-09,0.008117706728217553,6.545335089625365,7.801325821244409e-13,212.76595744637197,1.704299251810236e-14,1107.0483864642276,55555.555555555555
1290,64.49999999999848,9.749780302279376e-09,0.00811770672821782,6.545335121533377,7.80132585927528e-13,212.76595744636856,1.7042992601185945e-14,1107.0483864642276,55555.555555555555
1300,64.99999999999845,9.749651696321704e-09,0.008117706728218082,6.54533515344096,7.801325897305641e-13,212.76595744636515,1.704299268426841e-14,1107.0483864642276,55555.555555555555
1310,65.49999999999842,9.749517718933997e-09,0.00811770672821835,6.545335185348112,7.801325935335486e-13,212.76595744636174,1.7042992767349754e-14,1107.0483864642276,55555.555555555555
1320,65.9999999999984,9.749388498177693e-09,0.008117706728218613,6.545335217254834,7.801325973364822e-13,212.76595744635833,1.7042992850429978e-14,1107.0483864642276,55555.555555555555
1330,66.49999999999837,9.749260086373879e-09,0.008117706728218876,6.545335249161125,7.801326011393643e-13,212.76595744635492,1.704299293350908e-14,1107.0483864642276,55555.555555555555
1340,66.99999999999834,9.749124038078469e-09,0.008117706728219144,6.545335281066988,7.801326049421952e-13,212.7659574463515,1.7042993016587066e-14,1107.0483864642276,55555.555555555555
1350,67.49999999999831,9.748994914401966e-09,0.008117706728219405,6.54533531297242,7.801326087449749e-13,212.7659574463481,1.704299309966393e-14,1107.0483864642276,55555.555555555555
1360,67.99999999999828,9.748862360776931e-09,0.008117706728219673,6.545335344877424,7.801326125477035e-13,212.7659574463447,1.704299318273968e-14,1107.0483864642276,55555.555555555555
1370,68.49999999999825,9.748730486672306e-09,0.008117706728219936,6.545335376781996,7.801326163503807e-13,212.76595744634128,1.7042993265814305e-14,1107.0483864642276,55555.555555555555
1380,68.99999999999822,9.748597318248705e-09,0.008117706728220202,6.54533540868614,7.801326201530067e-13,212.76595744633786,1.7042993348887812e-14,1107.0483864642276,55555.555555555555
1390,69.4999999999982,9.748466835542903e-09,0.008117706728220464,6.545335440589854,7.801326239555816e-13,212.76595744633445,1.7042993431960204e-14,1107.0483864642276,55555.555555555555
1400,69.99999999999817,9.748339329777072e-09,0.008117706728220729,6.545335472493133,7.801326277581047e-13,212.76595744633104,1.7042993515031464e-14,1107.0483864642276,55555.555555555555
1410,70.49999999999814,9.748204058087803e-09,0.008117706728220994,6.545335504395987,7.801326315605771e-13,212.76595744632763,1.704299359810162e-14,1107.0483864642276,55555.555555555555
1420,70.99999999999811,9.74807584044929e-09,0.00811770672822126,6.545335536298408,7.801326353629978e-13,212.76595744632422,1.7042993681170644e-14,1107.0483864642276,55555.555555555555
1430,71.49999999999808,9.747939921603469e-09,0.008117706728221524,6.545335568200404,7.801326391653678e-13,212.7659574463208,1.7042993764238556e-14,1107.0483864642276,55555.555555555555
1440,71.99999999999805,9.74781303064766e-09,0.008117706728221786,6.545335600101967,7.801326429676864e-13,212.7659574463174,1.7042993847305347e-14,1107.0483864642276,55555.555555555555
1450,72.49999999999802,9.747678664990761e-09,0.008117706728222053,6.5453356320031,7.801326467699537e-13,212.765957446314,1.7042993930371018e-14,1107.0483864642276,55555.555555555555
1460,72.999999999998,9.747546952693559e-09,0.008117706728222316,6.5453356639038045,7.801326505721698e-13,212.76595744631058,1.7042994013435573e-14,1107.0483864642276,55555.555555555555
1470,73.49999999999797,9.747420255891574e-09,0.00811770672822258,6.545335695804075,7.801326543743343e-13,212.76595744630717,1.7042994096499e-14,1107.0483864642276,55555.555555555555
1480,73.99999999999794,9.747283786969104e-09,0.008117706728222845,6.545335727703919,7.801326581764479e-13,212.76595744630376,1.7042994179561314e-14,1107.0483864642276,55555.555555555555
1490,74.49999999999791,9.747156410652476e-09,0.008117706728223107,6.545335759603332,7.8013266197851e-13,212.76595744630035,1.7042994262622498e-14,1107.0483864642276,55555.555555555555
1500,74.99999999999788,9.747021365486817e-09,0.008117706728223375,6.545335791502315,7.801326657805211e-13,212.76595744629694,1.7042994345682575e-14,1107.0483864642276,55555.555555555555
1510,75.49999999999785,9.74689123874224e-09,0.00811770672822364,6.545335823400869,7.801326695824809e-13,212.76595744629353,1.704299442874153e-14,1107.0483864642276,55555.555555555555
1520,75.99999999999783,9.746757714407432e-09,0.008117706728223907,6.5453358552989895,7.801326733843892e-13,212.76595744629012,1.704299451179936e-14,1107.0483864642276,55555.555555555555
1530,76.4999999999978,9.746628946703538e-09,0.008117706728224167,6.545335887196684,7.801326771862466e-13,212.7659574462867,1.7042994594856074e-14,1107.0483864642276,55555.555555555555
1540,76.99999999999777,9.746496846125472e-09,0.008117706728224433,6.5453359190939455,7.801326809880525e-13,212.7659574462833,1.7042994677911667e-14,1107.0483864642276,55555.555555555555
1550,77.49999999999774,9.74636536035171e-09,0.008117706728224696,6.545335950990781,7.801326847898074e-13,212.76595744627988,1.7042994760966143e-14,1107.0483864642276,55555.555555555555
1560,77.99999999999771,9.746234618814326e-09,0.008117706728224962,6.5453359828871855,7.801326885915111e-13,212.76595744627647,1.70429948440195e-14,1107.0483864642276,55555.555555555555
1570,78.49999999999768,9.746100382612734e-09,0.008117706728225225,6.54533601478316,7.801326923931636e-13,212.76595744627306,1.7042994927071743e-14,1107.0483864642276,55555.555555555555
1580,78.99999999999766,9.745971097190073e-09,0.008117706728225491,6.545336046678703,7.801326961947646e-13,212.76595744626965,1.7042995010122855e-14,1107.0483864642276,55555.555555555555
1590,79.49999999999763,9.745836407980093e-09,0.00811770672822576,6.545336078573813,7.801326999963139e-13,212.76595744626624,1.704299509317285e-14,1107.0483864642276,55555.555555555555
1600,79.9999999999976,9.745708449240038e-09,0.008117706728226018,6.545336110468501,7.801327037978129e-13,212.76595744626283,1.7042995176221728e-14,1107.0483864642276,55555.555555555555
1610,80.49999999999757,9.745579260897157e-09,0.008117706728226284,6.545336142362751,7.801327075992599e-13,212.76595744625942,1.7042995259269483e-14,1107.0483864642276,55555.555555555555
1620,80.99999999999754,9.74544444226089e-09,0.008117706728226549,6.545336174256578,7.801327114006562e-13,212.765957446256,1.7042995342316127e-14,1107.0483864642276,55555.555555555555
1630,81.49999999999751,9.74531457440344e-09,0.008117706728226813,6.545336206149971,7.80132715202001e-13,212.7659574462526,1.7042995425361644e-14,1107.0483864642276,55555.555555555555
1640,81.99999999999748,9.745183315153098e-09,0.00811770672822708,6.545336238042935,7.801327190032947e-13,212.7659574462492,1.704299550840605e-14,1107.0483864642276,55555.555555555555
1650,82.49999999999746,9.74505273542306e-09,0.008117706728227342,6.545336269935471,7.801327228045372e-13,212.76595744624578,1.7042995591449328e-14,1107.0483864642276,55555.555555555555
1660,82.99999999999743,9.744916751905898e-09,0.00811770672822761,6.545336301827573,7.801327266057281e-13,212.76595744624237,1.704299567449149e-14,1107.0483864642276,55555.555555555555
1670,83.4999999999974,9.744787595932504e-09,0.008117706728227873,6.545336333719249,7.801327304068682e-13,212.76595744623896,1.7042995757532534e-14,1107.0483864642276,55555.555555555555
1680,83.99999999999737,9.744657177998316e-09,0.008117706728228136,6.545336365610493,7.801327342079567e-13,212.76595744623555,1.704299584057245e-14,1107.0483864642276,55555.555555555555
1690,84.49999999999734,9.744525336313257e-09,0.0081177067282284,6.545336397501306,7.80132738008994e-13,212.76595744623214,1.7042995923611253e-14,1107.0483864642276,55555.555555555555
1700,84.99999999999731,9.744394238864528e-09,0.008117706728228665,6.54533642939169,7.8013274180998e-13,212.76595744622873,1.7042996006648932e-14,1107.0483864642276,55555.555555555555
1710,85.49999999999729,9.744261750022965e-09,0.00811770672822893,6.545336461281645,7.801327456109149e-13,212.76595744622531,1.7042996089685498e-14,1107.0483864642276,55555.555555555555
1720,85.99999999999726,9.744132011614799e-09,0.008117706728229196,6.545336493171171,7.801327494117989e-13,212.7659574462219,1.7042996172720946e-14,1107.0483864642276,55555.555555555555
1730,86.49999999999723,9.743998875616745e-09,0.00811770672822946,6.545336525060265,7.801327532126312e-13,212.7659574462185,1.704299625575527e-14,1107.0483864642276,55555.555555555555
1740,86.9999999999972,9.743866386780962e-09,0.008117706728229722,6.545336556948932,7.801327570134126e-13,212.76595744621508,1.704299633878848e-14,1107.0483864642276,55555.555555555555
1750,87.49999999999717,9.743738945797739e-09,0.00811770672822999,6.545336588837163,7.80132760814142e-13,212.76595744621167,1.704299642182056e-14,1107.0483864642276,55555.555555555555
1760,87.99999999999714,9.743605842163478e-09,0.008117706728230251,6.54533662072497,7.801327646148209e-13,212.76595744620826,1.7042996504851525e-14,1107.0483864642276,55555.555555555555
1770,88.49999999999712,9.743475553678591e-09,0.008117706728230518,6.545336652612344,7.801327684154484e-13,212.76595744620485,1.7042996587881373e-14,1107.0483864642276,55555.555555555555
1780,88.99999999999709,9.743343970874963e-09,0.008117706728230782,6.545336684499287,7.801327722160243e-13,212.76595744620144,1.7042996670910097e-14,1107.0483864642276,55555.555555555555
1790,89.49999999999706,9.74321300287556e-09,0.008117706728231047,6.545336716385804,7.801327760165495e-13,212.76595744619803,1.7042996753937707e-14,1107.0483864642276,55555.555555555555
1800,89.99999999999703,9.743078734360446e-09,0.008117706728231313,6.545336748271886,7.801327798170228e-13,212.76595744619462,1.704299683696419e-14,1107.0483864642276,55555.555555555555
1810,90.499999999997,9.742949093043535e-09,0.008117706728231571,6.545336780157545,7.801327836174457e-13,212.7659574461912,1.704299691998956e-14,1107.0483864642276,55555.555555555555
1820,90.99999999999697,9.74281831919799e-09,0.00811770672823184,6.545336812042768,7.801327874178167e-13,212.7659574461878,1.7042997003013808e-14,1107.0483864642276,55555.555555555555
1830,91.49999999999694,9.742686121601674e-09,0.008117706728232107,6.545336843927561,7.801327912181365e-13,212.7659574461844,1.704299708603694e-14,1107.0483864642276,55555.555555555555
1840,91.99999999999692,9.742554603525604e-09,0.008117706728232369,6.545336875811928,7.801327950184053e-13,212.76595744618098,1.7042997169058946e-14,1107.0483864642276,55555.555555555555
1850,92.49999999999689,9.742421726414818e-09,0.008117706728232636,6.545336907695863,7.801327988186227e-13,212.76595744617757,1.7042997252079842e-14,1107.0483864642276,55555.555555555555
1860,92.99999999999686,9.742289561182298e-09,0.0081177067282329,6.545336939579369,7.80132802618789e-13,212.76595744617416,1.704299733509961e-14,1107.0483864642276,55555.555555555555
1870,93.49999999999683,9.742160243457019e-09,0.008117706728233165,6.545336971462442,7.801328064189037e-13,212.76595744617075,1.704299741811826e-14,1107.0483864642276,55555.555555555555
1880,93.9999999999968,9.74202739871003e-09,0.008117706728233427,6.545337003345089,7.801328102189676e-13,212.76595744616733,1.704299750113579e-14,1107.0483864642276,55555.555555555555
1890,94.49999999999677,9.74189956945724e-09,0.008117706728233693,6.5453370352273,7.801328140189797e-13,212.76595744616392,1.7042997584152197e-14,1107.0483864642276,55555.555555555555
1900,94.99999999999675,9.741766109911821e-09,0.008117706728233956,6.545337067109086,7.801328178189409e-13,212.7659574461605,1.7042997667167488e-14,1107.0483864642276,55555.555555555555
1910,95.49999999999672,9.74163543315757e-09,0.008117706728234218,6.545337098990442,7.801328216188509e-13,212.7659574461571,1.7042997750181656e-14,1107.0483864642276,55555.555555555555
1920,95.99999999999669,9.741501423529782e-09,0.008117706728234489,6.545337130871365,7.801328254187094e-13,212.7659574461537,1.704299783319471e-14,1107.0483864642276,55555.555555555555
1930,96.49999999999666,9.741370099619091e-09,0.00811770672823475,6.545337162751861,7.80132829218517e-13,212.76595744615028,1.704299791620664e-14,1107.0483864642276,55555.555555555555
1940,96.99999999999663,9.741237449031758e-09,0.008117706728235018,6.5453371946319265,7.801328330182731e-13,212.76595744614687,1.704299799921746e-14,1107.0483864642276,55555.555555555555
1950,97.4999999999966,9.741109490358326e-09,0.008117706728235276,6.545337226511565,7.801328368179785e-13,212.76595744614346,1.704299808222716e-14,1107.0483864642276,55555.555555555555
1960,97.99999999999658,9.740978328243456e-09,0.008117706728235544,6.545337258390768,7.801328406176321e-13,212.76595744614005,1.704299816523573e-14,1107.0483864642276,55555.555555555555
1970,98.49999999999655,9.740845742377913e-09,0.008117706728235807,6.545337290269545,7.801328444172346e-13,212.76595744613664,1.7042998248243185e-14,1107.0483864642276,55555.555555555555
1980,98.99999999999652,9.740715906945422e-09,0.008117706728236071,6.5453373221478905,7.801328482167859e-13,212.76595744613323,1.7042998331249518e-14,1107.0483864642276,55555.555555555555
1990,99.49999999999649,9.740580603010638e-09,0.00811770672823634,6.545337354025806,7.801328520162858e-13,212.76595744612982,1.704299841425474e-14,1107.0483864642276,55555.555555555555
2000,99.99999999999646,9.740450120421722e-09,0.008117706728236602,6.545337385903292,7.801328558157347e-13,212.7659574461264,1.7042998497258834e-14,1107.0483864642276,55555.555555555555
2010,100.49999999999643,9.740316304959417e-09,0.008117706728236867,6.545337417780346,7.801328596151319e-13,212.765957446123,1.704299858026181e-14,1107.0483864642276,55555.555555555555
2020,100.9999999999964,9.740189252323666e-09,0.00811770672823713,6.545337449656975,7.801328634144785e-13,212.7659574461196,1.704299866326367e-14,1107.0483864642276,55555.555555555555
2030,101.49999999999638,9.740056828259744e-09,0.008117706728237396,6.54533748153317,7.801328672137734e-13,212.76595744611618,1.704299874626441e-14,1107.0483864642276,55555.555555555555
2040,101.99999999999635,9.739925018999979e-09,0.008117706728237658,6.545337513408937,7.801328710130174e-13,212.76595744611276,1.704299882926403e-14,1107.0483864642276,55555.555555555555
2050,102.49999999999632,9.739793921618404e-09,0.008117706728237924,6.545337545284275,7.801328748122101e-13,212.76595744610935,1.7042998912262532e-14,1107.0483864642276,55555.555555555555
2060,102.99999999999629,9.739661529918272e-09,0.00811770672823819,6.54533757715918,7.801328786113513e-13,212.76595744610594,1.7042998995259917e-14,1107.0483864642276,55555.555555555555
2070,103.49999999999626,9.739533959563817e-09,0.008117706728238454,6.545337609033656,7.801328824104414e-13,212.76595744610253,1.7042999078256174e-14,1107.0483864642276,55555.555555555555
2080,103.99999999999623,9.739396875955846e-09,0.008117706728238723,6.545337640907699,7.801328862094798e-13,212.76595744609912,1.7042999161251312e-14,1107.0483864642276,55555.555555555555
2090,104.4999999999962,9.739268626086959e-09,0.008117706728238982,6.545337672781318,7.801328900084676e-13,212.7659574460957,1.7042999244245333e-14,1107.0483864642276,55555.555555555555
2100,104.99999999999618,9.739137043344808e-09,0.008117706728239249,6.545337704654503,7.801328938074037e-13,212.7659574460923,1.7042999327238233e-14,1107.0483864642276,55555.555555555555
2110,105.49999999999615,9.739006107764793e-09,0.008117706728239513,6.5453377365272605,7.801328976062889e-13,212.7659574460889,1.704299941023002e-14,1107.0483864642276,55555.555555555555
2120,105.99999999999612,9.738877922617627e-09,0.008117706728239775,6.5453377683995875,7.801329014051229e-13,212.76595744608548,1.704299949322068e-14,1107.0483864642276,55555.555555555555
2130,106.49999999999609,9.738742198055832e-09,0.008117706728240042,6.5453378002714855,7.801329052039056e-13,212.76595744608207,1.704299957621023e-14,1107.0483864642276,55555.555555555555
2140,106.99999999999606,9.73861330103624e-09,0.008117706728240302,6.5453378321429545,7.801329090026372e-13,212.76595744607866,1.7042999659198655e-14,1107.0483864642276,55555.555555555555
2150,107.49999999999604,9.738479129662844e-09,0.00811770672824057,6.545337864013989,7.801329128013171e-13,212.76595744607525,1.704299974218596e-14,1107.0483864642276,55555.555555555555
2160,107.999999999996,9.738347546932212e-09,0.008117706728240835,6.5453378958845985,7.801329165999462e-13,212.76595744607184,1.7042999825172146e-14,1107.0483864642276,55555.555555555555
2170,108.49999999999598,9.738218876424422e-09,0.008117706728241098,6.545337927754774,7.801329203985237e-13,212.76595744606843,1.7042999908157212e-14,1107.0483864642276,55555.555555555555
2180,108.99999999999595,9.738084705056825e-09,0.008117706728241365,6.5453379596245185,7.801329241970499e-13,212.76595744606502,1.704299999114116e-14,1107.0483864642276,55555.555555555555
2190,109.49999999999592,9.737955452108673e-09,0.00811770672824163,6.545337991493832,7.801329279955245e-13,212.7659574460616,1.7043000074123976e-14,1107.0483864642276,55555.555555555555
2200,109.9999999999959,9.737820601226737e-09,0.008117706728241893,6.545338023362719,7.801329317939484e-13,212.7659574460582,1.7043000157105677e-14,1107.0483864642276,55555.555555555555
2210,110.49999999999586,9.737692577886763e-09,0.008117706728242156,6.545338055231178,7.801329355923213e-13,212.76595744605478,1.704300024008627e-14,1107.0483864642276,55555.555555555555
2220,110.99999999999584,9.737559247835146e-09,0.008117706728242425,6.545338087099203,7.801329393906424e-13,212.76595744605137,1.7043000323065736e-14,1107.0483864642276,55555.555555555555
2230,111.49999999999581,9.737428506426195e-09,0.008117706728242685,6.545338118966803,7.801329431889129e-13,212.76595744604796,1.7043000406044087e-14,1107.0483864642276,55555.555555555555
2240,111.99999999999578,9.737296470698796e-09,0.00811770672824295,6.54533815083397,7.801329469871318e-13,212.76595744604455,1.7043000489021317e-14,1107.0483864642276,55555.555555555555
2250,112.49999999999575,9.7371650821335e-09,0.008117706728243215,6.54533818270071,7.801329507852997e-13,212.76595744604114,1.704300057199743e-14,1107.0483864642276,55555.555555555555
2260,112.99999999999572,9.737036508716884e-09,0.008117706728243478,6.5453382145670185,7.801329545834163e-13,212.76595744603773,1.7043000654972424e-14,1107.0483864642276,55555.555555555555
2270,113.4999999999957,9.73690249915672e-09,0.008117706728243747,6.5453382464328955,7.801329583814814e-13,212.76595744603432,1.70430007379463e-14,1107.0483864642276,55555.555555555555
2280,113.99999999999567,9.736773278583745e-09,0.008117706728244007,6.5453382782983445,7.801329621794955e-13,212.7659574460309,1.7043000820919053e-14,1107.0483864642276,55555.555555555555
2290,114.49999999999564,9.736642828408358e-09,0.008117706728244274,6.54533831016336,7.801329659774579e-13,212.7659574460275,1.7043000903890683e-14,1107.0483864642276,55555.555555555555
2300,114.99999999999561,9.736508786495974e-09,0.008117706728244536,6.54533834202795,7.801329697753697e-13,212.7659574460241,1.7043000986861195e-14,1107.0483864642276,55555.555555555555
2310,115.49999999999558,9.736379792434785e-09,0.008117706728244802,6.545338373892105,7.801329735732295e-13,212.76595744602068,1.704300106983058e-14,1107.0483864642276,55555.555555555555
2320,115.99999999999555,9.736245103366108e-09,0.008117706728245066,6.545338405755834,7.801329773710387e-13,212.76595744601727,1.704300115279886e-14,1107.0483864642276,55555.555555555555
2330,116.49999999999552,9.73611737127103e-09,0.00811770672824533,6.545338437619133,7.801329811687966e-13,212.76595744601386,1.7043001235766015e-14,1107.0483864642276,55555.555555555555
2340,116.9999999999955,9.735982229194125e-09,0.008117706728245598,6.545338469481998,7.801329849665026e-13,212.76595744601045,1.7043001318732047e-14,1107.0483864642276,55555.555555555555
2350,117.49999999999547,9.735851746672224e-09,0.008117706728245862,6.545338501344436,7.80132988764158e-13,212.76595744600704,1.704300140169696e-14,1107.0483864642276,55555.555555555555
2360,117.99999999999544,9.735722170176441e-09,0.008117706728246127,6.545338533206443,7.801329925617617e-13,212.76595744600363,1.7043001484660753e-14,1107.0483864642276,55555.555555555555
2370,118.49999999999541,9.735591040498214e-09,0.008117706728246389,6.545338565068023,7.801329963593147e-13,212.76595744600021,1.7043001567623433e-14,1107.0483864642276,55555.555555555555
2380,118.99999999999538,9.735456480873176e-09,0.008117706728246653,6.545338596929174,7.801330001568164e-13,212.7659574459968,1.704300165058499e-14,1107.0483864642276,55555.555555555555
2390,119.49999999999535,9.735322697842253e-09,0.008117706728246918,6.545338628789892,7.801330039542668e-13,212.7659574459934,1.704300173354543e-14,1107.0483864642276,55555.555555555555
2400,119.99999999999532,9.735195807068662e-09,0.008117706728247182,6.545338660650183,7.80133007751666e-13,212.76595744598998,1.704300181650475e-14,1107.0483864642276,55555.555555555555
2410,120.4999999999953,9.735061409239466e-09,0.008117706728247449,6.5453386925100405,7.801330115490138e-13,212.76595744598657,1.7043001899462954e-14,1107.0483864642276,55555.555555555555
2420,120.99999999999527,9.734931768039131e-09,0.008117706728247711,6.545338724369471,7.801330153463105e-13,212.76595744598316,1.7043001982420034e-14,1107.0483864642276,55555.555555555555
2430,121.49999999999524,9.734803032864878e-09,0.008117706728247978,6.545338756228467,7.801330191435554e-13,212.76595744597975,1.704300206537599e-14,1107.0483864642276,55555.555555555555
2440,121.99999999999521,9.734668570325459e-09,0.008117706728248242,6.545338788087037,7.801330229407497e-13,212.76595744597634,1.7043002148330833e-14,1107.0483864642276,55555.555555555555
2450,122.49999999999518,9.73453909092088e-09,0.008117706728248505,6.545338819945176,7.801330267378925e-13,212.76595744597293,1.704300223128455e-14,1107.0483864642276,55555.555555555555
2460,122.99999999999515,9.734404078299242e-09,0.008117706728248773,6.545338851802884,7.801330305349841e-13,212.76595744596952,1.7043002314237158e-14,1107.0483864642276,55555.555555555555
2470,123.49999999999513,9.734275990292721e-09,0.008117706728249035,6.545338883660165,7.801330343320245e-13,212.7659574459661,1.7043002397188637e-14,1107.0483864642276,55555.555555555555
2480,123.9999999999951,9.73414249850121e-09,0.008117706728249302,6.54533891551701,7.801330381290132e-13,212.7659574459627,1.7043002480138996e-14,1107.0483864642276,55555.555555555555
2490,124.49999999999507,9.73401169242606e-09,0.008117706728249567,6.54533894737343,7.801330419259511e-13,212.7659574459593,1.7043002563088234e-14,1107.0483864642276,55555.555555555555
2500,124.99999999999504,9.733881630586937e-09,0.00811770672824983,6.545338979229418,7.801330457228375e-13,212.76595744595588,1.704300264603636e-14,1107.0483864642276,55555.555555555555
2510,125.49999999999501,9.733748074085198e-09,0.008117706728250093,6.5453390110849785,7.801330495196731e-13,212.76595744595247,1.7043002728983363e-14,1107.0483864642276,55555.555555555555
2520,125.99999999999498,9.733619403644102e-09,0.008117706728250356,6.545339042940107,7.801330533164571e-13,212.76595744594906,1.7043002811929244e-14,1107.0483864642276,55555.555555555555
2530,126.49999999999496,9.733487335614427e-09,0.008117706728250624,6.545339074794806,7.801330571131899e-13,212.76595744594565,1.704300289487401e-14,1107.0483864642276,55555.555555555555
2540,126.99999999999493,9.733353876192488e-09,0.008117706728250887,6.545339106649075,7.801330609098715e-13,212.76595744594223,1.7043002977817652e-14,1107.0483864642276,55555.555555555555
2550,127.4999999999949,9.733223296634864e-09,0.008117706728251153,6.545339138502913,7.801330647065017e-13,212.76595744593882,1.704300306076018e-14,1107.0483864642276,55555.555555555555
2560,127.99999999999487,9.733089157698702e-09,0.008117706728251418,6.545339170356323,7.801330685030809e-13,212.7659574459354,1.7043003143701583e-14,1107.0483864642276,55555.555555555555
2570,128.49999999999497,9.732964111363578e-09,0.008117706728251682,6.5453392022093,7.801330722996085e-13,212.765957445932,1.7043003226641866e-14,1107.0483864642276,55555.555555555555
2580,128.99999999999508,9.732829357629192e-09,0.008117706728251945,6.54533923406185,7.801330760960852e-13,212.7659574459286,1.7043003309581032e-14,1107.0483864642276,55555.555555555555
2590,129.4999999999952,9.732699489955296e-09,0.008117706728252209,6.545339265913969,7.801330798925105e-13,212.76595744592518,1.704300339251908e-14,1107.0483864642276,55555.555555555555
2600,129.9999999999953,9.73256415378073e-09,0.008117706728252476,6.545339297765658,7.801330836888845e-13,212.76595744592177,1.7043003475456005e-14,1107.0483864642276,55555.555555555555
2610,130.49999999999542,9.732435742220815e-09,0.00811770672825274,6.545339329616915,7.801330874852071e-13,212.76595744591836,1.7043003558391807e-14,1107.0483864642276,55555.555555555555
2620,130.99999999999554,9.732303868356455e-09,0.008117706728253005,6.545339361467745,7.801330912814788e-13,212.76595744591495,1.7043003641326496e-14,1107.0483864642276,55555.555555555555
2630,131.49999999999565,9.73217050602588e-09,0.008117706728253267,6.545339393318147,7.801330950776995e-13,212.76595744591154,1.7043003724260068e-14,1107.0483864642276,55555.555555555555
2640,131.99999999999577,9.732044262457859e-09,0.008117706728253534,6.545339425168114,7.801330988738684e-13,212.76595744590813,1.704300380719252e-14,1107.0483864642276,55555.555555555555
2650,132.49999999999588,9.731910285329074e-09,0.008117706728253796,6.545339457017658,7.801331026699866e-13,212.76595744590472,1.7043003890123857e-14,1107.0483864642276,55555.555555555555
2660,132.999999999996,9.731777149510302e-09,0.008117706728254064,6.545339488866765,7.80133106466053e-13,212.7659574459013,1.704300397305406e-14,1107.0483864642276,55555.555555555555
2670,133.4999999999961,9.731644596137503e-09,0.008117706728254329,6.545339520715447,7.801331102620686e-13,212.7659574458979,1.7043004055983156e-14,1107.0483864642276,55555.555555555555
2680,133.99999999999622,9.73151699354096e-09,0.00811770672825459,6.545339552563696,7.801331140580329e-13,212.7659574458945,1.7043004138911124e-14,1107.0483864642276,55555.555555555555
2690,134.49999999999633,9.731383922443969e-09,0.008117706728254856,6.545339584411515,7.801331178539455e-13,212.76595744589108,1.7043004221837978e-14,1107.0483864642276,55555.555555555555
2700,134.99999999999645,9.73124936288082e-09,0.00811770672825512,6.545339616258906,7.801331216498074e-13,212.76595744588766,1.7043004304763708e-14,1107.0483864642276,55555.555555555555
2710,135.49999999999656,9.731121922079995e-09,0.008117706728255385,6.545339648105863,7.801331254456174e-13,212.76595744588425,1.7043004387688318e-14,1107.0483864642276,55555.555555555555
2720,135.99999999999667,9.730986747718683e-09,0.008117706728255649,6.545339679952395,7.801331292413768e-13,212.76595744588084,1.704300447061181e-14,1107.0483864642276,55555.555555555555
2730,136.4999999999968,9.730858595045622e-09,0.008117706728255914,6.545339711798492,7.801331330370845e-13,212.76595744587743,1.704300455353418e-14,1107.0483864642276,55555.555555555555
2740,136.9999999999969,9.730725006230251e-09,0.008117706728256182,6.545339743644162,7.801331368327409e-13,212.76595744587402,1.704300463645543e-14,1107.0483864642276,55555.555555555555
2750,137.49999999999702,9.730596206400967e-09,0.008117706728256442,6.545339775489399,7.801331406283461e-13,212.7659574458706,1.7043004719375558e-14,1107.0483864642276,55555.555555555555
2760,137.99999999999713,9.730459867159376e-09,0.00811770672825671,6.545339807334207,7.801331444239e-13,212.7659574458672,1.704300480229457e-14,1107.0483864642276,55555.555555555555
2770,138.49999999999724,9.730330323099893e-09,0.008117706728256973,6.545339839178588,7.801331482194031e-13,212.7659574458638,1.7043004885212462e-14,1107.0483864642276,55555.555555555555
2780,138.99999999999736,9.730203658904366e-09,0.008117706728257238,6.545339871022537,7.801331520148546e-13,212.76595744586038,1.7043004968129238e-14,1107.0483864642276,55555.555555555555
2790,139.49999999999747,9.73006935822261e-09,0.0081177067282575,6.545339902866059,7.801331558102552e-13,212.76595744585697,1.7043005051044896e-14,1107.0483864642276,55555.555555555555
2800,139.99999999999758,9.729937807972822e-09,0.008117706728257765,6.545339934709149,7.801331596056044e-13,212.76595744585356,1.7043005133959434e-14,1107.0483864642276,55555.555555555555
2810,140.4999999999977,9.729807034316956e-09,0.008117706728258029,6.545339966551811,7.801331634009025e-13,212.76595744585015,1.7043005216872855e-14,1107.0483864642276,55555.555555555555
2820,140.9999999999978,9.729674804553e-09,0.008117706728258295,6.545339998394044,7.801331671961496e-13,212.76595744584674,1.7043005299785156e-14,1107.0483864642276,55555.555555555555
2830,141.49999999999793,9.729541280470983e-09,0.00811770672825856,6.545340030235844,7.801331709913451e-13,212.76595744584333,1.704300538269634e-14,1107.0483864642276,55555.555555555555
2840,141.99999999999804,9.729412577732845e-09,0.008117706728258824,6.5453400620772175,7.801331747864895e-13,212.76595744583992,1.70430054656064e-14,1107.0483864642276,55555.555555555555
2850,142.49999999999815,9.729282677750626e-09,0.00811770672825909,6.5453400939181545,7.801331785815821e-13,212.7659574458365,1.7043005548515338e-14,1107.0483864642276,55555.555555555555
2860,142.99999999999827,9.72914918603238e-09,0.008117706728259354,6.545340125758668,7.801331823766241e-13,212.7659574458331,1.704300563142316e-14,1107.0483864642276,55555.555555555555
2870,143.49999999999838,9.729018509461998e-09,0.008117706728259615,6.545340157598749,7.801331861716146e-13,212.76595744582968,1.7043005714329855e-14,1107.0483864642276,55555.555555555555
2880,143.9999999999985,9.728886473857571e-09,0.008117706728259884,6.5453401894384,7.801331899665539e-13,212.76595744582627,1.7043005797235444e-14,1107.0483864642276,55555.555555555555
2890,144.4999999999986,9.72875515013104e-09,0.008117706728260144,6.5453402212776215,7.80133193761442e-13,212.76595744582286,1.7043005880139904e-14,1107.0483864642276,55555.555555555555
2900,144.99999999999872,9.728622467370484e-09,0.008117706728260411,6.5453402531164135,7.801331975562788e-13,212.76595744581945,1.7043005963043246e-14,1107.0483864642276,55555.555555555555
2910,145.49999999999883,9.728494670669631e-09,0.008117706728260675,6.545340284954774,7.801332013510643e-13,212.76595744581604,1.704300604594547e-14,1107.0483864642276,55555.555555555555
2920,145.99999999999895,9.728361470184942e-09,0.008117706728260943,6.545340316792702,7.801332051457982e-13,212.76595744581263,1.7043006128846568e-14,1107.0483864642276,55555.555555555555
2930,146.49999999999906,9.728230890700035e-09,0.008117706728261204,6.545340348630204,7.801332089404814e-13,212.76595744580922,1.704300621174655e-14,1107.0483864642276,55555.555555555555
2940,146.99999999999918,9.728099081613115e-09,0.008117706728261469,6.545340380467274,7.80133212735113e-13,212.7659574458058,1.7043006294645412e-14,1107.0483864642276,55555.555555555555
2950,147.4999999999993,9.727967822614075e-09,0.008117706728261733,6.545340412303917,7.801332165296937e-13,212.7659574458024,1.704300637754316e-14,1107.0483864642276,55555.555555555555
2960,147.9999999999994,9.727837275492899e-09,0.008117706728261995,6.545340444140132,7.801332203242234e-13,212.765957445799,1.7043006460439787e-14,1107.0483864642276,55555.555555555555
2970,148.49999999999952,9.72770339549989e-09,0.008117706728262264,6.5453404759759115,7.801332241187013e-13,212.76595744579558,1.7043006543335298e-14,1107.0483864642276,55555.555555555555
2980,148.99999999999963,9.727570162668765e-09,0.008117706728262529,6.545340507811266,7.801332279131285e-13,212.76595744579217,1.704300662622969e-14,1107.0483864642276,55555.555555555555
2990,149.49999999999974,9.72744188061316e-09,0.008117706728262793,6.545340539646184,7.801332317075037e-13,212.76595744578876,1.7043006709122953e-14,1107.0483864642276,55555.555555555555
3000,149.99999999999986,9.72730800062594e-09,0.008117706728263056,6.545340571480677,7.801332355018282e-13,212.76595744578535,1.7043006792015103e-14,1107.0483864642276,55555.555555555555
3010,150.49999999999997,9.727179071414197e-09,0.00811770672826332,6.545340603314738,7.801332392961011e-13,212.76595744578194,1.7043006874906124e-14,1107.0483864642276,55555.555555555555
3020,151.00000000000009,9.727046744614686e-09,0.008117706728263587,6.545340635148367,7.801332430903227e-13,212.76595744577853,1.704300695779603e-14,1107.0483864642276,55555.555555555555
3030,151.5000000000002,9.726914967903037e-09,0.008117706728263849,6.545340666981572,7.801332468844936e-13,212.76595744577511,1.704300704068482e-14,1107.0483864642276,55555.555555555555
3040,152.0000000000003,9.726781929231451e-09,0.008117706728264116,6.5453406988143445,7.80133250678613e-13,212.7659574457717,1.7043007123572493e-14,1107.0483864642276,55555.555555555555
3050,152.50000000000043,9.726651608633484e-09,0.00811770672826438,6.5453407306466875,7.801332544726813e-13,212.7659574457683,1.7043007206459045e-14,1107.0483864642276,55555.555555555555
3060,153.00000000000054,9.726524167899086e-09,0.008117706728264644,6.545340762478598,7.801332582666979e-13,212.76595744576488,1.704300728934447e-14,1107.0483864642276,55555.555555555555
3070,153.50000000000065,9.726388993605517e-09,0.008117706728264907,6.545340794310084,7.80133262060664e-13,212.76595744576147,1.704300737222879e-14,1107.0483864642276,55555.555555555555
3080,154.00000000000077,9.726260840999001e-09,0.00811770672826517,6.545340826141136,7.801332658545785e-13,212.76595744575806,1.704300745511198e-14,1107.0483864642276,55555.555555555555
3090,154.50000000000088,9.726125116623385e-09,0.00811770672826544,6.545340857971759,7.801332696484416e-13,212.76595744575465,1.704300753799406e-14,1107.0483864642276,55555.555555555555
3100,155.000000000001,9.725996349218765e-09,0.008117706728265702,6.545340889801951,7.801332734422535e-13,212.76595744575124,1.7043007620875008e-14,1107.0483864642276,55555.555555555555
3110,155.5000000000011,9.725862048598824e-09,0.008117706728265967,6.5453409216317135,7.801332772360142e-13,212.76595744574783,1.7043007703754843e-14,1107.0483864642276,55555.555555555555
3120,156.00000000000122,9.725732536964119e-09,0.00811770672826623,6.545340953461049,7.801332810297239e-13,212.76595744574442,1.704300778663356e-14,1107.0483864642276,55555.555555555555
3130,156.50000000000134,9.725601828085503e-09,0.008117706728266495,6.545340985289949,7.801332848233818e-13,212.765957445741,1.704300786951115e-14,1107.0483864642276,55555.555555555555
3140,157.00000000000145,9.725469663099021e-09,0.00811770672826676,6.545341017118421,7.801332886169887e-13,212.7659574457376,1.7043007952387625e-14,1107.0483864642276,55555.555555555555
3150,157.50000000000156,9.725338274706342e-09,0.008117706728267025,6.545341048946463,7.801332924105443e-13,212.7659574457342,1.704300803526298e-14,1107.0483864642276,55555.555555555555
3160,158.00000000000168,9.72520549492181e-09,0.008117706728267289,6.545341080774075,7.801332962040486e-13,212.76595744573078,1.7043008118137213e-14,1107.0483864642276,55555.555555555555
3170,158.5000000000018,9.725075433210736e-09,0.008117706728267553,6.545341112601259,7.801332999975019e-13,212.76595744572737,1.704300820101033e-14,1107.0483864642276,55555.555555555555
3180,159.0000000000019,9.724942038628162e-09,0.00811770672826782,6.54534114442801,7.801333037909036e-13,212.76595744572396,1.7043008283882326e-14,1107.0483864642276,55555.555555555555
3190,159.50000000000202,9.724811362119024e-09,0.008117706728268085,6.545341176254334,7.801333075842545e-13,212.76595744572055,1.7043008366753205e-14,1107.0483864642276,55555.555555555555
3200,160.00000000000213,9.724683500757273e-09,0.008117706728268347,6.545341208080226,7.801333113775538e-13,212.76595744571713,1.7043008449622958e-14,1107.0483864642276,55555.555555555555
3210,160.50000000000225,9.724552177092067e-09,0.008117706728268611,6.54534123990569,7.80133315170802e-13,212.76595744571372,1.7043008532491597e-14,1107.0483864642276,55555.555555555555
3220,161.00000000000236,9.72442159766263e-09,0.008117706728268875,6.545341271730721,7.80133318963999e-13,212.7659574457103,1.7043008615359113e-14,1107.0483864642276,55555.555555555555
3230,161.50000000000247,9.724285420302228e-09,0.00811770672826914,6.545341303555326,7.801333227571449e-13,212.7659574457069,1.7043008698225518e-14,1107.0483864642276,55555.555555555555
3240,162.0000000000026,9.724156167554357e-09,0.008117706728269402,6.545341335379503,7.801333265502398e-13,212.7659574457035,1.70430087810908e-14,1107.0483864642276,55555.555555555555
3250,162.5000000000027,9.724023484861108e-09,0.008117706728269669,6.545341367203248,7.801333303432833e-13,212.76595744570008,1.704300886395497e-14,1107.0483864642276,55555.555555555555
3260,163.0000000000028,9.723891578761622e-09,0.008117706728269936,6.545341399026563,7.801333341362754e-13,212.76595744569667,1.7043008946818015e-14,1107.0483864642276,55555.555555555555
3270,163.50000000000293,9.723762487809438e-09,0.0081177067282702,6.545341430849445,7.80133337929216e-13,212.76595744569326,1.7043009029679936e-14,1107.0483864642276,55555.555555555555
3280,164.00000000000304,9.723629869837937e-09,0.008117706728270462,6.545341462671901,7.801333417221059e-13,212.76595744568985,1.704300911254074e-14,1107.0483864642276,55555.555555555555
3290,164.50000000000315,9.723500164087702e-09,0.008117706728270729,6.545341494493923,7.801333455149439e-13,212.76595744568644,1.704300919540042e-14,1107.0483864642276,55555.555555555555
3300,165.00000000000327,9.723366931318191e-09,0.008117706728270993,6.545341526315518,7.801333493077311e-13,212.76595744568303,1.7043009278258984e-14,1107.0483864642276,55555.555555555555
3310,165.50000000000338,9.723234410426444e-09,0.008117706728271255,6.545341558136682,7.80133353100467e-13,212.76595744567962,1.7043009361116428e-14,1107.0483864642276,55555.555555555555
3320,166.0000000000035,9.723102698486432e-09,0.008117706728271525,6.545341589957416,7.801333568931515e-13,212.7659574456762,1.7043009443972757e-14,1107.0483864642276,55555.555555555555
3330,166.5000000000036,9.722971601350177e-09,0.008117706728271787,6.5453416217777205,7.801333606857849e-13,212.7659574456728,1.704300952682796e-14,1107.0483864642276,55555.555555555555
3340,167.00000000000372,9.72284124844965e-09,0.00811770672827205,6.5453416535975935,7.801333644783668e-13,212.7659574456694,1.7043009609682043e-14,1107.0483864642276,55555.555555555555
3350,167.50000000000384,9.722707465603921e-09,0.008117706728272316,6.545341685417038,7.801333682708977e-13,212.76595744566598,1.7043009692535012e-14,1107.0483864642276,55555.555555555555
3360,168.00000000000395,9.722578536458844e-09,0.00811770672827258,6.545341717236052,7.801333720633772e-13,212.76595744566256,1.7043009775386855e-14,1107.0483864642276,55555.555555555555
3370,168.50000000000406,9.722446177368584e-09,0.008117706728272845,6.5453417490546375,7.801333758558057e-13,212.76595744565915,1.7043009858237587e-14,1107.0483864642276,55555.555555555555
3380,169.00000000000418,9.72231663342548e-09,0.008117706728273109,6.545341780872792,7.801333796481828e-13,212.76595744565574,1.7043009941087192e-14,1107.0483864642276,55555.555555555555
3390,169.5000000000043,9.722183627179239e-09,0.008117706728273374,6.5453418126905145,7.801333834405085e-13,212.76595744565233,1.704301002393568e-14,1107.0483864642276,55555.555555555555
3400,170.0000000000044,9.72205547463355e-09,0.008117706728273636,6.54534184450781,7.801333872327832e-13,212.76595744564892,1.7043010106783046e-14,1107.0483864642276,55555.555555555555
3410,170.50000000000452,9.721921918305314e-09,0.008117706728273904,6.545341876324671,7.801333910250061e-13,212.7659574456455,1.704301018962929e-14,1107.0483864642276,55555.555555555555
3420,171.00000000000463,9.721790982976235e-09,0.008117706728274164,6.545341908141108,7.801333948171786e-13,212.7659574456421,1.704301027247442e-14,1107.0483864642276,55555.555555555555
3430,171.50000000000475,9.721658753329457e-09,0.008117706728274433,6.545341939957113,7.801333986092994e-13,212.7659574456387,1.7043010355318435e-14,1107.0483864642276,55555.555555555555
3440,172.00000000000486,9.72152726791838e-09,0.008117706728274698,6.545341971772686,7.801334024013689e-13,212.76595744563528,1.7043010438161326e-14,1107.0483864642276,55555.555555555555
3450,172.50000000000497,9.721394423473639e-09,0.008117706728274962,6.54534200358783,7.801334061933872e-13,212.76595744563187,1.7043010521003093e-14,1107.0483864642276,55555.555555555555
3460,173.0000000000051,9.721262323264594e-09,0.008117706728275227,6.545342035402543,7.801334099853542e-13,212.76595744562846,1.704301060384374e-14,1107.0483864642276,55555.555555555555
3470,173.5000000000052,9.721132973486597e-09,0.008117706728275493,6.545342067216827,7.801334137772699e-13,212.76595744562505,1.704301068668327e-14,1107.0483864642276,55555.555555555555
3480,174.00000000000531,9.721002329390917e-09,0.008117706728275756,6.5453420990306785,7.801334175691341e-13,212.76595744562164,1.7043010769521674e-14,1107.0483864642276,55555.555555555555
3490,174.50000000000543,9.720870196829628e-09,0.008117706728276016,6.545342130844106,7.801334213609478e-13,212.76595744561823,1.7043010852358964e-14,1107.0483864642276,55555.555555555555
3500,175.00000000000554,9.720738808504017e-09,0.008117706728276284,6.5453421626571,7.801334251527099e-13,212.76595744561482,1.704301093519514e-14,1107.0483864642276,55555.555555555555
3510,175.50000000000566,9.720606028786787e-09,0.008117706728276547,6.545342194469667,7.80133428944421e-13,212.7659574456114,1.7043011018030198e-14,1107.0483864642276,55555.555555555555
3520,176.00000000000577,9.720476031858535e-09,0.008117706728276813,6.545342226281802,7.801334327360808e-13,212.765957445608,1.7043011100864134e-14,1107.0483864642276,55555.555555555555
3530,176.50000000000588,9.720340695864047e-09,0.00811770672827708,6.545342258093504,7.801334365276888e-13,212.76595744560458,1.7043011183696943e-14,1107.0483864642276,55555.555555555555
3540,177.000000000006,9.720212155049113e-09,0.008117706728277342,6.54534228990478,7.801334403192461e-13,212.76595744560117,1.7043011266528635e-14,1107.0483864642276,55555.555555555555
3550,177.5000000000061,9.720082255200552e-09,0.008117706728277604,6.545342321715624,7.801334441107518e-13,212.76595744559776,1.704301134935921e-14,1107.0483864642276,55555.555555555555
3560,178.00000000000622,9.719948925407134e-09,0.00811770672827787,6.545342353526041,7.801334479022068e-13,212.76595744559435,1.704301143218867e-14,1107.0483864642276,55555.555555555555
3570,178.50000000000634,9.71982044931387e-09,0.008117706728278135,6.545342385336025,7.801334516936101e-13,212.76595744559094,1.7043011515017005e-14,1107.0483864642276,55555.555555555555
3580,179.00000000000645,9.719688543275769e-09,0.008117706728278402,6.54534241714558,7.801334554849622e-13,212.76595744558753,1.7043011597844226e-14,1107.0483864642276,55555.555555555555
3590,179.50000000000657,9.71955734911532e-09,0.008117706728278664,6.545342448954707,7.801334592762633e-13,212.76595744558412,1.704301168067032e-14,1107.0483864642276,55555.555555555555
3600,180.00000000000668,9.719422725010092e-09,0.008117706728278929,6.545342480763401,7.80133463067513e-13,212.7659574455807,1.70430117634953e-14,1107.0483864642276,55555.555555555555
3610,180.5000000000068,9.719292986962925e-09,0.008117706728279194,6.545342512571667,7.801334668587113e-13,212.7659574455773,1.7043011846319157e-14,1107.0483864642276,55555.555555555555
3620,181.0000000000069,9.719164057867347e-09,0.00811770672827946,6.545342544379499,7.801334706498581e-13,212.7659574455739,1.704301192914189e-14,1107.0483864642276,55555.555555555555
3630,181.50000000000702,9.719029401409916e-09,0.008117706728279722,6.545342576186907,7.801334744409544e-13,212.76595744557048,1.7043012011963514e-14,1107.0483864642276,55555.555555555555
3640,182.00000000000713,9.718897689531261e-09,0.008117706728279987,6.545342607993881,7.801334782319988e-13,212.76595744556707,1.7043012094784007e-14,1107.0483864642276,55555.555555555555
3650,182.50000000000725,9.718764683335052e-09,0.008117706728280256,6.545342639800423,7.80133482022992e-13,212.76595744556366,1.7043012177603387e-14,1107.0483864642276,55555.555555555555
3660,183.00000000000736,9.718636401406828e-09,0.008117706728280516,6.545342671606539,7.801334858139343e-13,212.76595744556025,1.7043012260421643e-14,1107.0483864642276,55555.555555555555
3670,183.50000000000747,9.71850478660788e-09,0.008117706728280783,6.545342703412223,7.80133489604825e-13,212.76595744555684,1.7043012343238782e-14,1107.0483864642276,55555.555555555555
3680,184.0000000000076,9.71837368953862e-09,0.008117706728281045,6.545342735217481,7.80133493395665e-13,212.76595744555343,1.7043012426054804e-14,1107.0483864642276,55555.555555555555
3690,184.5000000000077,9.718241427583779e-09,0.00811770672828131,6.545342767022304,7.801334971864532e-13,212.76595744555001,1.7043012508869702e-14,1107.0483864642276,55555.555555555555
3700,185.00000000000782,9.718109715716617e-09,0.008117706728281575,6.545342798826702,7.801335009771907e-13,212.7659574455466,1.704301259168349e-14,1107.0483864642276,55555.555555555555
3710,185.50000000000793,9.717978780443036e-09,0.008117706728281836,6.545342830630669,7.801335047678768e-13,212.7659574455432,1.7043012674496152e-14,1107.0483864642276,55555.555555555555
3720,186.00000000000804,9.71784645377798e-09,0.008117706728282102,6.5453428624342065,7.801335085585117e-13,212.76595744553978,1.70430127573077e-14,1107.0483864642276,55555.555555555555
3730,186.50000000000816,9.717716909901609e-09,0.008117706728282367,6.545342894237314,7.801335123490954e-13,212.76595744553637,1.7043012840118127e-14,1107.0483864642276,55555.555555555555
3740,187.00000000000827,9.717584065512626e-09,0.008117706728282634,6.545342926039988,7.801335161396273e-13,212.76595744553296,1.704301292292743e-14,1107.0483864642276,55555.555555555555
3750,187.50000000000838,9.71745387448036e-09,0.008117706728282896,6.545342957842235,7.801335199301085e-13,212.76595744552955,1.7043013005735615e-14,1107.0483864642276,55555.555555555555
3760,188.0000000000085,9.717324524757618e-09,0.00811770672828316,6.545342989644048,7.801335237205379e-13,212.76595744552614,1.7043013088542678e-14,1107.0483864642276,55555.555555555555
3770,188.5000000000086,9.717189544747375e-09,0.008117706728283425,6.5453430214454364,7.801335275109167e-13,212.76595744552273,1.7043013171348625e-14,1107.0483864642276,55555.555555555555
3780,189.00000000000873,9.71706155406381e-09,0.00811770672828369,6.545343053246392,7.801335313012439e-13,212.76595744551932,1.7043013254153448e-14,1107.0483864642276,55555.555555555555
3790,189.50000000000884,9.716923920702695e-09,0.008117706728283956,6.545343085046917,7.801335350915198e-13,212.7659574455159,1.7043013336957158e-14,1107.0483864642276,55555.555555555555
3800,190.00000000000895,9.716799392327282e-09,0.00811770672828422,6.545343116847015,7.801335388817447e-13,212.7659574455125,1.7043013419759744e-14,1107.0483864642276,55555.555555555555
3810,190.50000000000907,9.716663182721367e-09,0.008117706728284485,6.545343148646681,7.801335426719182e-13,212.7659574455091,1.7043013502561213e-14,1107.0483864642276,55555.555555555555
3820,191.00000000000918,9.716533800652074e-09,0.008117706728284749,6.5453431804459195,7.801335464620407e-13,212.76595744550568,1.7043013585361565e-14,1107.0483864642276,55555.555555555555
3830,191.5000000000093,9.716405227534281e-09,0.008117706728285011,6.5453432122447275,7.801335502521119e-13,212.76595744550227,1.7043013668160797e-14,1107.0483864642276,55555.555555555555
3840,192.0000000000094,9.716271056487161e-09,0.008117706728285276,6.545343244043105,7.801335540421319e-13,212.76595744549886,1.704301375095891e-14,1107.0483864642276,55555.555555555555
3850,192.50000000000952,9.716139797660522e-09,0.008117706728285542,6.54534327584105,7.801335578321003e-13,212.76595744549545,1.7043013833755897e-14,1107.0483864642276,55555.555555555555
3860,193.00000000000963,9.716007082726533e-09,0.008117706728285806,6.545343307638569,7.801335616220178e-13,212.76595744549203,1.704301391655177e-14,1107.0483864642276,55555.555555555555
3870,193.50000000000975,9.715877215297016e-09,0.008117706728286073,6.545343339435654,7.801335654118837e-13,212.76595744548862,1.704301399934652e-14,1107.0483864642276,55555.555555555555
3880,194.00000000000986,9.715743885565189e-09,0.008117706728286336,6.5453433712323115,7.801335692016986e-13,212.7659574454852,1.7043014082140154e-14,1107.0483864642276,55555.555555555555
3890,194.50000000000998,9.715613241547886e-09,0.008117706728286598,6.545343403028542,7.801335729914627e-13,212.7659574454818,1.7043014164932668e-14,1107.0483864642276,55555.555555555555
3900,195.0000000000101,9.715483503556023e-09,0.008117706728286865,6.5453434348243364,7.801335767811747e-13,212.7659574454784,1.704301424772406e-14,1107.0483864642276,55555.555555555555
3910,195.5000000000102,9.71535023854593e-09,0.008117706728287129,6.545343466619705,7.801335805708359e-13,212.76595744547498,1.7043014330514335e-14,1107.0483864642276,55555.555555555555
3920,196.00000000001032,9.715219821040246e-09,0.008117706728287395,6.545343498414639,7.801335843604456e-13,212.76595744547157,1.7043014413303485e-14,1107.0483864642276,55555.555555555555
3930,196.50000000001043,9.71508594123234e-09,0.00811770672828766,6.545343530209146,7.801335881500041e-13,212.76595744546816,1.704301449609152e-14,1107.0483864642276,55555.555555555555
3940,197.00000000001054,9.714958953676605e-09,0.008117706728287924,6.545343562003223,7.801335919395114e-13,212.76595744546475,1.704301457887843e-14,1107.0483864642276,55555.555555555555
3950,197.50000000001066,9.714822485233977e-09,0.008117706728288192,6.545343593796868,7.801335957289672e-13,212.76595744546134,1.704301466166422e-14,1107.0483864642276,55555.555555555555
3960,198.00000000001077,9.714692682537593e-09,0.008117706728288453,6.545343625590086,7.801335995183724e-13,212.76595744545793,1.7043014744448897e-14,1107.0483864642276,55555.555555555555
3970,198.50000000001089,9.71456171495577e-09,0.008117706728288718,6.545343657382871,7.801336033077256e-13,212.76595744545452,1.704301482723245e-14,1107.0483864642276,55555.555555555555
3980,199.000000000011,9.714429291266678e-09,0.008117706728288984,6.54534368917523,7.801336070970281e-13,212.7659574454511,1.7043014910014888e-14,1107.0483864642276,55555.555555555555
3990,199.5000000000111,9.714299682723904e-09,0.008117706728289247,6.545343720967155,7.801336108862791e-13,212.7659574454477,1.7043014992796203e-14,1107.0483864642276,55555.555555555555
