i,t,rho,beta,power,flux,s_Fuel,s_Precursors,s_Structure,s_Water,s_Xenon
0,0,0,0,0.8390029130424784,1e-13,192.7659574468085,0.0,1960.8941677404896,41666.666666666664,0.003703703703703704
100,1.0000000000000007,0.007033577000868121,0.001548857949353404,9.226520238995915,1.0997006202907883e-12,192.76595744680372,4.125643266798664e-14,1960.8941677404896,41666.666666666664,0.0037036259264753716
200,2.0000000000000013,0.02363607847963591,0.002616449305813567,17.84078013648375,2.126426483046098e-12,192.765957446791,1.3490651194216506e-13,1960.8941677404896,41666.666666666664,0.0037035481504296133
300,2.99999999999998,0.036201749393410525,0.0034227974022817244,26.914870049664124,3.2079590703721857e-12,192.76595744676993,2.664596663519299e-13,1960.8941677404896,41666.666666666664,0.003703470375547816
400,3.9999999999999587,0.045771782975680866,0.004035896116630468,36.61903012331539,4.3645891514823315e-12,192.76595744674,4.277323293482919e-13,1960.8941677404896,41666.666666666664,0.0037033926018007935
500,4.999999999999938,0.05312307363026679,0.00450620124168749,47.0882229523178,5.612402796255682e-12,192.7659574467006,6.144029199258989e-13,1960.8941677404896,41666.666666666664,0.0037033148291513484
600,5.9999999999999165,0.0588322254023341,0.004871008947791736,58.43903328016237,6.965295635050432e-12,192.76595744665093,8.245395989000212e-13,1960.8941677404896,41666.666666666664,0.003703237057555654
700,6.999999999999895,0.06332138670829843,0.005157545072589611,70.78014467362091,8.436221564102481e-12,192.76595744659005,1.0577160961757118e-12,1960.8941677404896,41666.666666666664,0.003703159286963943
800,7.999999999999874,0.06689747795757342,0.005385561554757044,84.21896073631675,1.0037981921995233e-11,192.76595744651692,1.3144832562004773e-12,1960.8941677404896,41666.666666666664,0.003703081517320725
900,8.999999999999853,0.06978343308907578,0.005569382328615993,98.86592409935795,1.1783740266255258e-11,192.7659574464307,1.5960559850007474e-12,1960.8941677404896,41666.666666666664,0.003703003748564742
1000,9.999999999999831,0.07214175240732787,0.005719435551132847,114.83747390956653,1.3687374873705172e-11,192.76595744633,1.9041308834209797e-12,1960.8941677404896,41666.666666666664,0.003702925980628722
1100,10.99999999999981,0.07409168053998849,0.005843366226986644,132.25821275620018,1.576373701450395e-11,192.76595744621352,2.2407834431735915e-12,1960.8941677404896,41666.666666666664,0.0037028482134390016
1200,11.999999999999789,0.07572150241457723,0.00594683019715329,151.26263084878082,1.80288564553462e-11,192.7659574460799,2.6084139793720034e-12,1960.8941677404896,41666.666666666664,0.003702770446915044
1300,12.999999999999767,0.07709726202284728,0.006034055893064497,171.99660074071713,2.050011961422177e-11,192.7659574459275,3.0097237395136698e-12,1960.8941677404896,41666.666666666664,0.0037026926809688716
1400,13.999999999999746,0.07826892459607902,0.006108240714669304,194.61877492709834,2.319643613883542e-11,192.76595744575474,3.4477100444111264e-12,1960.8941677404896,41666.666666666664,0.003702614915504429
1500,14.999999999999725,0.07927473619534318,0.006171831105291617,219.30197005468798,2.613840388934674e-11,192.7659574455596,3.9256738023584365e-12,1960.8941677404896,41666.666666666664,0.0037025371504168687
1600,15.999999999999703,0.08014432033661296,0.006226721293730181,246.2345924785786,2.934847884918123e-11,192.76595744534018,4.447235454368244e-12,1960.8941677404896,41666.666666666664,0.0037024593855917573
1700,16.999999999999858,0.08090089103370846,0.006274395216693617,275.6221427603407,3.2851154444806864e-11,192.7659574450942,5.0163570567106665e-12,1960.8941677404896,41666.666666666664,0.003702381620904208
1800,18.000000000000014,0.08156284651386157,0.006316028658981607,307.6888267645263,3.667315357087234e-11,192.76595744481918,5.637369210802332e-12,1960.8941677404896,41666.666666666664,0.0037023038562179304
1900,19.00000000000017,0.0821449269687668,0.006352563414251178,342.6792954610045,4.0843635955677236e-11,192.76595744451257,6.3150021656682274e-12,1960.8941677404896,41666.666666666664,0.003702226091384201
2000,20.000000000000327,0.08265906356537252,0.006384761645418257,380.8605326839096,4.539442316145735e-11,192.76595744417142,7.054420799405446e-12,1960.8941677404896,41666.666666666664,0.0037021483262407195
2100,21.000000000000483,0.08311500721862619,0.006413246128757197,422.52390891348927,5.0360243372789635e-11,192.76595744379267,7.861263426827482e-12,1960.8941677404896,41666.666666666664,0.00370207056061037
2200,22.00000000000064,0.08352079896991234,0.006438530350511507,467.9874190224414,5.577899811155847e-11,192.76595744337286,8.741684537330393e-12,1960.8941677404896,41666.666666666664,0.0037019927942998692
2300,23.000000000000796,0.08388312544417481,0.006461041244082517,517.5981224981808,6.169205308484539e-11,192.76595744290807,9.702401674259328e-12,1960.8941677404896,41666.666666666664,0.003701915027098294
2400,24.000000000000952,0.0842075901587265,0.0064811365403357225,571.7348057011699,6.814455549709668e-11,192.7659574423945,1.0750746745459394e-11,1960.8941677404896,41666.666666666664,0.0037018372587754645
2500,25.00000000000111,0.08449892263635514,0.006499118137548928,630.8108871221282,7.518578032510832e-11,192.7659574418276,1.1894722116935138e-11,1960.8941677404896,41666.666666666664,0.0037017594890801806
2600,26.000000000001265,0.08476114111307778,0.006515242502324854,695.2775882881854,8.28695082554685e-11,192.7659574412023,1.3143061895385118e-11,1960.8941677404896,41666.666666666664,0.003701681717738305
2700,27.00000000000142,0.0849976802967674,0.006529728834961724,765.6273949044038,9.125443821489198e-11,192.7659574405135,1.4505298855639792e-11,1960.8941677404896,41666.666666666664,0.00370160394445067
2800,28.000000000001577,0.08521149256176344,0.0065427655359975734,842.3978349882537,1.004046376826585e-10,192.76595743975534,1.5991837518760478e-11,1960.8941677404896,41666.666666666664,0.003701526168890785
2900,29.000000000001734,0.08540512877150745,0.006554515370165389,926.1756031596691,1.103900342610222e-10,192.76595743892153,1.7614033937744594e-11,1960.8941677404896,41666.666666666664,0.003701448390702329
3000,30.00000000000189,0.08558080334210606,0.00656511962288445,1017.601062896283,1.2128695229494996e-10,192.76595743800507,1.938428280179616e-11,1960.8941677404896,41666.666666666664,0.0037013706094964406
3100,31.000000000002046,0.08574044701345805,0.006574701471024535,1117.3731614662813,1.3317869867853229e-10,192.76595743699835,2.131611252796272e-11,1960.8941677404896,41666.666666666664,0.0037012928248487315
3200,32.0000000000022,0.08588574995505657,0.0065833687359638125,1226.254795428698,1.461562023641213e-10,192.76595743589334,2.3424289071416243e-11,1960.8941677404896,41666.666666666664,0.003701215036296037
3300,33.000000000002004,0.08601819721417582,0.006591216147312148,1345.078668065158,1.6031871250433368e-10,192.76595743468098,2.572492925346015e-11,1960.8941677404896,41666.666666666664,0.0037011372433328675
3400,34.000000000001805,0.0861390980527929,0.006598327216163446,1474.7536839036052,1.7577456060956276e-10,192.76595743335145,2.8235624480136226e-11,1960.8941677404896,41666.666666666664,0.0037010594454075386
3500,35.000000000001606,0.08624961037345309,0.006604775794600715,1616.2719296419941,1.9264199259797295e-10,192.76595743189404,3.0975575804731574e-11,1960.8941677404896,41666.666666666664,0.0037009816419179514
3600,36.00000000000141,0.08635076117255427,0.006610627381434066,1770.716295309985,2.1105007715488409e-10,192.76595743029716,3.3965741375218726e-11,1960.8941677404896,41666.666666666664,0.003700903832206969
3700,37.00000000000121,0.08644346375988977,0.006615940221393071,1939.2687944540926,2.311396974081302e-10,192.7659574285479,3.7228997403410995e-11,1960.8941677404896,41666.666666666664,0.0037008260155573856
3800,38.00000000000101,0.08652853233022863,0.0066207662351993185,2123.2196475350006,2.5306463356998776e-10,192.7659574266324,4.079031389713996e-11,1960.8941677404896,41666.666666666664,0.0037007481911864263
3900,39.00000000000081,0.08660669435410287,0.006625151810372809,2323.9771986262544,2.7699274489954286e-10,192.76595742453546,4.4676946510884546e-11,1960.8941677404896,41666.666666666664,0.003700670358239751
4000,40.00000000000061,0.08667860116288373,0.006629138476730268,2543.078741947579,3.0310726010742636e-10,192.7659574222406,4.8918645994893256e-11,1960.8941677404896,41666.666666666664,0.0037005925157848943
4100,41.00000000000041,0.08674483703081332,0.006632763485915387,2782.2023418032004,3.3160818616359485e-10,192.76595741972966,5.354788685891503e-11,1960.8941677404896,41666.666666666664,0.0037005146628041274
4200,42.00000000000021,0.0868059269998772,0.006636060310659577,3043.179737180732,3.627138463848255e-10,192.76595741698299,5.86001170152493e-11,1960.8941677404896,41666.66666666666,0.003700436798186636
4300,43.000000000000014,0.08686234364801051,0.006639059076584136,3328.0104306590947,3.966625596789356e-10,192.7659574139789,6.411403032809616e-11,1960.8941677404896,41666.66666666593,0.0037003589207200106
4400,43.999999999999815,0.0869145129652546,0.0066417869370515754,3638.877070439631,4.337144739151889e-10,192.7659574106942,7.013186417339785e-11,1960.8941677404896,41666.6666666652,0.0037002810290809375
4500,44.999999999999616,0.08696281947339553,0.006644268399727246,3978.1622443245365,4.741535675834279e-10,192.76595740710266,7.669972430688822e-11,1960.8941677404896,41666.666666664474,0.0037002031218250453
4600,45.99999999999942,0.08700761070161143,0.006646525612022449,4348.466815399255,5.182898352075105e-10,192.76595740317651,8.386793954941618e-11,1960.8941677404896,41666.66666666375,0.0037001251973758143
4700,46.99999999999922,0.08704920111130211,0.0066485786113858435,4752.629941114248,5.664616734015989e-10,192.7659573988853,9.169144902942297e-11,1960.8941677404896,41666.66666666302,0.0037000472540124766
4800,47.99999999999902,0.08708787554840146,0.006650445545427054,5193.750930501245,6.190384860120383e-10,192.76595739419554,1.00230224974527e-10,1960.8941677404896,41666.66666666229,0.003699969289856798
4900,48.99999999999882,0.08712389228859246,0.006652142866054247,5675.213108500216,6.764235284849504e-10,192.76595738907073,1.0954973431947248e-10,1960.8941677404896,41666.666666661564,0.003699891302858659
5000,49.99999999999862,0.08715748573062022,0.006653685501147841,6200.709871927153,7.390570134535187e-10,192.76595738347115,1.197214426983611e-10,1960.8941677404896,41666.666666660836,0.003699813290780295
5100,50.99999999999842,0.08718886878442729,0.006655087006749538,6774.2731386000505,8.074195015636375e-10,192.76595737735335,1.3082336471746562e-10,1960.8941677404896,41666.66666666011,0.0036997352511791153
5200,51.999999999998224,0.08721823499368353,0.006656359702294869,7400.304409694862,8.820356037680848e-10,192.76595737066995,1.42940664763563e-10,1960.8941677404896,41666.66666665938,0.0036996571813889337
5300,52.999999999998025,0.08724576042653631,0.006657514791043913,8083.608685667545,9.634780237346615e-10,192.76595736336915,1.5616631299443217e-10,1960.8941677404896,41666.66666665865,0.003699579078499469
5400,53.999999999997826,0.08727160536339595,0.006658562467551814,8829.431498213105,1.0523719716519689e-09,192.76595735539436,1.706018015859811e-10,1960.8941677404896,41666.666666657926,0.0036995009393339705
5500,54.99999999999763,0.0872959158066538,0.006659512013759636,9643.499344907901,1.149399983597931e-09,192.7659573466841,1.8635792677774393e-10,1960.8941677404896,41666.66666665674,0.003699422760424802
5600,55.99999999999743,0.08731882483350512,0.006660371885065756,10532.06383958889,1.255307183783652e-09,192.76595733717116,2.0355564276886182e-10,1960.8941677404896,41666.666666655285,0.0036993445379867717
5700,56.99999999999723,0.08734045381046365,0.006661149787553011,11501.949920366353,1.3709070304229453e-09,192.76595732678186,2.223269940741193e-10,1960.8941677404896,41666.66666665383,0.003699266267888021
5800,57.99999999999703,0.0873609134854994,0.006661852747388744,12560.60848867457,1.4970875897332746e-09,192.76595731543614,2.42816133558502e-10,1960.8941677404896,41666.666666652374,0.003699187945618235
5900,58.99999999999683,0.08738030497166892,0.006662487173282487,13716.17388717961,1.634818386675711e-09,192.76595730304635,2.651804340338404e-10,1960.8941677404896,41666.66666665092,0.003699109566253942
6000,59.99999999999663,0.08739872063431542,0.0066630589127719755,14977.526661957443,1.7851578855222984e-09,192.7659572895169,2.895917020275869e-10,1960.8941677404896,41666.666666649464,0.003699031124420625
6100,60.99999999999643,0.08741624489258197,0.006663573303010782,16354.362095423148,1.9492616582340334e-09,192.7659572747436,3.1623750312734233e-10,1960.8941677404896,41666.666666647405,0.0036989526142513513
6200,61.999999999996234,0.08743295494426463,0.0066640352166480715,17857.26504135324,2.1283913039796386e-09,192.76595725861247,3.4532260917161403e-10,1960.8941677404896,41666.66666664522,0.00369887402934161
6300,62.999999999996035,0.08744892142246599,0.006664449103318804,19497.791642351665,2.3239241889665836e-09,192.765957240999,3.7707057850421754e-10,1960.8941677404896,41666.66666664304,0.0036987953626999906
6400,63.999999999995836,0.08746420899111022,0.0066648190272008846,21288.558563650968,2.5373640821373123e-09,192.76595722176776,4.1172548154419355e-10,1960.8941677404896,41666.66666664086,0.0036987166066943505
6500,64.99999999999635,0.08747887688561186,0.006665148701042772,23243.340435630682,2.770352769255067e-09,192.76595720077037,4.495537850531668e-10,1960.8941677404896,41666.666666637946,0.0036986377529930232
6600,65.99999999999686,0.08749297940449931,0.006665441517018213,25377.176261339027,3.024682735520365e-09,192.7659571778451,4.908464097166322e-10,1960.8941677404896,41666.666666635036,0.0036985587925006265
6700,66.99999999999737,0.08750656635695218,0.006665700574724381,27706.48561512315,3.302311015180869e-09,192.7659571528155,5.359209770043851e-10,1960.8941677404896,41666.66666663202,0.0036984797152879783
6800,67.99999999999788,0.08751968347070462,0.006665928706604367,30249.195534757324,3.605374315689625e-09,192.76595712548868,5.851242627488602e-10,1960.8941677404896,41666.666666628385,0.0036984005105155753
6900,68.9999999999984,0.08753237276428323,0.006666128501044814,33024.87909280622,3.9362055339007895e-09,192.7659570956541,6.388348764900736e-10,1960.8941677404896,41666.66666662475,0.0036983211663500315
7000,69.9999999999989,0.08754467288731398,0.006666302323371204,36054.906724039036,4.297351792647545e-09,192.76595706308208,6.974661873948538e-10,1960.8941677404896,41666.66666662049,0.003698241669872848
7100,70.99999999999942,0.08755661943184014,0.006666452334940693,39362.611485227506,4.691594137908277e-09,192.76595702752178,7.614695194800388e-10,1960.8941677404896,41666.666666616125,0.003698162006980791
7200,71.99999999999993,0.08756824521783924,0.00666658051051077,42973.46953241381,5.121969049729254e-09,192.7659569886993,8.313376409693729e-10,1960.8941677404896,41666.66666661107,0.0036980821622771176
7300,73.00000000000044,0.08757958055528739,0.006666688654043463,46915.29721958474,5.591791934237721e-09,192.76595694631558,9.07608574908712e-10,1960.8941677404896,41666.66666660574,0.003698002118952783
7400,74.00000000000095,0.08759065348532899,0.006666778413088788,51218.466352572024,6.104682779560005e-09,192.7659569000442,9.90869760671855e-10,1960.8941677404896,41666.66666659992,0.003697921858656761
7500,75.00000000000146,0.08760149000258695,0.0066668512918759935,55916.13927396169,6.664594175379703e-09,192.76595684952892,1.0817625987298908e-09,1960.8941677404896,41666.66666659345,0.003697841361354406
7600,76.00000000000198,0.08761211426050654,0.0066669086632287315,61044.52560995534,7.275841914364357e-09,192.7659567943803,1.180987414052034e-09,1960.8941677404896,41666.66666658645,0.0036977606051728155
7700,77.00000000000249,0.08762254876175225,0.0066669517794080806,66643.16267973643,7.943138413904754e-09,192.76595673417387,1.2893088767794738e-09,1960.8941677404896,41666.666666578814,0.0036976795662319365
7800,78.000000000003,0.08763281453495878,0.006666981781977637,72755.22175329755,8.671629218708953e-09,192.76595666844577,1.4075619223917176e-09,1960.8941677404896,41666.66666657048,0.003697598218460181
7900,79.00000000000351,0.08764293129958113,0.006666999710775076,79427.84254638232,9.466932868952537e-09,192.7659565966896,1.5366582174960398e-09,1960.8941677404896,41666.66666656139,0.003697516533393038
8000,80.00000000000402,0.08765291762014489,0.006667006512066456,86712.49856280812,1.0335184445100318e-08,192.76595651835234,1.677593221646097e-09,1960.8941677404896,41666.66666655148,0.0036974344799531713
8100,81.00000000000453,0.08766279105115693,0.006667003045952014,94665.39613675492,1.1283083129396622e-08,192.76595643283036,1.8314539002699487e-09,1960.8941677404896,41666.66666654067,0.003697352024210278
8200,82.00000000000504,0.08767256827391945,0.0066669900930853695,103347.91029258889,1.231794415560429e-08,192.7659563394646,1.9994271488981838e-09,1960.8941677404896,41666.66666652878,0.0036972691291188506
8300,83.00000000000556,0.08768226522628378,0.006666968360762079,112827.06082959195,1.3447755553113924e-08,192.76595623753528,2.182808994470911e-09,1960.8941677404896,41666.66666651591,0.003697185754231781
8400,84.00000000000607,0.08769189722655024,0.006666938488427576,123176.03235594212,1.4681240129324674e-08,192.76595612625678,2.383014645613014e-09,1960.8941677404896,41666.66666650177,0.0036971018553876157
8500,85.00000000000658,0.08770147909232501,0.00666690105264999,134474.74234303448,1.6027923175526067e-08,192.76595600477114,2.6015894704503095e-09,1960.8941677404896,41666.66666648636,0.0036970173843690023
8600,86.00000000000709,0.08771102525544784,0.006666856571598091,146810.46165059047,1.7498206426725784e-08,192.76595587214155,2.8402209878490603e-09,1960.8941677404896,41666.666666469544,0.003696932288529668
8700,87.0000000000076,0.08772054987380462,0.006666805509061099,160278.49238808968,1.9103448855341917e-08,192.76595572734513,3.1007519659577648e-09,1960.8941677404896,41666.66666645121,0.0036968465103870566
8800,88.00000000000811,0.08773006694100538,0.006666748278042434,174982.90843234537,2.0856054932824473e-08,192.76595556926517,3.3851947306789194e-09,1960.8941677404896,41666.666666431156,0.0036967599871774045
8900,89.00000000000863,0.08773959039466413,0.006666685243956779,191037.36441825944,2.2769571052533358e-08,192.76595539668207,3.695746796271441e-09,1960.8941677404896,41666.66666640929,0.0036966726503698533
9000,90.00000000000914,0.08774913422431496,0.0066666167274557694,208565.97956415935,2.4858790872082607e-08,192.76595520826427,4.034807940761307e-09,1960.8941677404896,41666.66666638539,0.003696584425135733
9100,91.00000000000965,0.08775871257962962,0.006666543006905137,227704.30328916764,2.7139870404403197e-08,192.7659550025574,4.4049988603056795e-09,1960.8941677404896,41666.66666635932,0.003696495229768942
9200,92.00000000001016,0.08776833987995263,0.00666646432053272,248600.37023287854,2.9630453764586125e-08,192.7659547779739,4.8091815492106e-09,1960.8941677404896,41666.666666330835,0.00369640497505287
9300,93.00000000001067,0.08777803092586292,0.006666380868264829,271415.8530027485,3.234981056480353e-08,192.76595453277977,5.250481566050045e-09,1960.8941677404896,41666.66666629976,0.00369631356356892
9400,94.00000000001118,0.08778780101378941,0.006666292813265159,296327.32175823214,3.5318986043005076e-08,192.76595426508192,5.732312361391035e-09,1960.8941677404896,41666.66666626582,0.0036962208889412328
9500,95.0000000000117,0.08779766605441602,0.0066662002831886,323527.62059958704,3.8560965113457405e-08,192.76595397281295,6.258401859124781e-09,1960.8941677404896,41666.66666622876,0.0036961268350117252
9600,96.00000000001221,0.08780764269593615,0.00666610337115985,353227.37167092616,4.2100851639429456e-08,192.76595365371475,6.832821501478821e-09,1960.8941677404896,41666.666666188314,0.003696031274938942
9700,97.00000000001272,0.08781774845309057,0.006666002136484255,385656.61891986657,4.5966064351421546e-08,192.765953305322,7.460017987596994e-09,1960.8941677404896,41666.66666614416,0.003695934070213713
9800,98.00000000001323,0.08782800184293499,0.006665896605096735,421066.6245891647,5.018655096938196e-08,192.76595292494235,8.144847957296414e-09,1960.8941677404896,41666.66666609593,0.0036958350695838697
9900,99.00000000001374,0.08783842252848648,0.006665786769752098,459731.83275927167,5.479502223557211e-08,192.76595250963547,8.892615895434567e-09,1960.8941677404896,41666.66666604329,0.0036957341078795985
10000,100.00000000001425,0.08784903147130012,0.006665672589958308,501952.0156261341,5.982720772748047e-08,192.76595205619023,9.709115558458791e-09,1960.8941677404896,41666.66666598581,0.0036956310047302097
10100,101.00000000001477,0.0878598510942496,0.0066655539916520064,548054.6196983798,6.532213549894776e-08,192.76595156109968,1.0600675253399914e-08,1960.8941677404896,41666.666665923025,0.003695525563162232
10200,102.00000000001528,0.08787090545575373,0.00666543086661364,598397.330746293,7.13224377941204e-08,192.76595102053426,1.1574207331073488e-08,1960.8941677404896,41666.6666658545,0.0036954175680677893
10300,103.00000000001579,0.08788222043679794,0.006665303071617609,653370.8781473135,7.787468529485962e-08,192.7659504303112,1.263726228985743e-08,1960.8941677404896,41666.666665779674,0.003695306784531238
10400,104.0000000000163,0.08789382394223347,0.006665170427310788,713402.1012666349,8.50297525998775e-08,192.7659497858621,1.3798087924447512e-08,1960.8941677404896,41666.666665697965,0.003695192956000791
10500,105.00000000001681,0.0879057461180088,0.0066650327168101394,778957.3027063564,9.284321789547704e-08,192.76594908219755,1.5065693995813102e-08,1960.8941677404896,41666.66666560876,0.0036950758022907646
10600,106.00000000001732,0.08791801958597882,0.006664889684008632,850545.9156742695,1.0137580006592814e-07,192.7659483138684,1.6449922944588677e-08,1960.8941677404896,41666.66666551136,0.0036949550173985884
10700,107.00000000001783,0.08793067969813817,0.006664741031575867,928724.5153883268,1.1069383680914573e-07,192.76594747492246,1.7961527220791284e-08,1960.8941677404896,41666.666665404984,0.003694830267119332
10800,108.00000000001835,0.08794376481238042,0.006664586418637702,1014101.2073725091,1.2086980767371387e-07,192.76594655885842,1.9612253858556296e-08,1960.8941677404896,41666.66666528886,0.0036947011864387346
10900,109.00000000001886,0.08795731659192399,0.00666442545811624,1107340.4287452498,1.3198290632011975e-07,192.76594555857548,2.1414936986098465e-08,1960.8941677404896,41666.66666516204,0.0036945673766841233
11000,110.00000000001937,0.08797138033073257,0.006664257713709292,1209168.2021874331,1.4411966673645772e-07,192.7659444663166,2.338359902896841e-08,1960.8941677404896,41666.66666502354,0.0036944284024104106
11100,111.00000000001988,0.08798600530767538,0.006664082696485335,1320377.8862427878,1.573746486115435e-07,192.76594327360846,2.5533561439602028e-08,1960.8941677404896,41666.66666487234,0.0036942837879963483
11200,112.00000000002039,0.08800124517216498,0.006663899861066661,1441836.4699938546,1.7185118759166174e-07,192.76594197119525,2.7881565868958717e-08,1960.8941677404896,41666.66666470722,0.0036941330139238352
11300,113.0000000000209,0.08801715836433081,0.006663708601370647,1574491.4650218857,1.876622167270465e-07,192.76594054896518,3.044590678762546e-08,1960.8941677404896,41666.66666452692,0.003693975512710335
11400,114.00000000002142,0.08803380857325553,0.006663508245875093,1719378.4529566783,2.0493116605753402e-07,192.7659389958716,3.324657666515863e-08,1960.8941677404896,41666.66666433002,0.0036938106644617405
11500,115.00000000002193,0.08805126523685118,0.0066632980523698955,1877629.3529178454,2.2379294800142653e-07,192.7659372998458,3.6305424928816714e-08,1960.8941677404896,41666.66666411499,0.003693637792009762
11600,116.00000000002244,0.08806960408749065,0.006663077202153059,2050481.4798168086,2.4439503700633156e-07,192.7659354477024,3.964633204753226e-08,1960.8941677404896,41666.66666388019,0.0036934561555944886
11700,117.00000000002295,0.08808890774781476,0.006662844793624728,2239287.4719144073,2.668986528057936e-07,192.7659334250342,4.329540022549972e-08,1960.8941677404896,41666.66666362377,0.003693264947048867
11800,118.00000000002346,0.0881092663816217,0.006662599835227778,2445526.174310201,2.9148005761256164e-07,192.76593121609946,4.7281162343843897e-08,1960.8941677404896,41666.66666334369,0.003693063283437723
11900,119.00000000002397,0.08813077840514758,0.00666234123767815,2670814.574288879,3.183319786817562e-07,192.76592880369634,5.163481096046512e-08,1960.8941677404896,41666.666663037846,0.003692850200099181
12000,120.00000000002449,0.08815355126464443,0.006662067805422429,2916920.8947958704,3.476651689104101e-07,192.76592616902735,5.6390449369600264e-08,1960.8941677404896,41666.66666270382,0.0036926246430312565
12100,121.000000000025,0.08817770228666143,0.0066617782272534775,3185778.9639081066,3.797101195217203e-07,192.7659232915492,6.1585366936503e-08,1960.8941677404896,41666.66666233901,0.003692385460560679
12200,122.00000000002551,0.08820335960818391,0.006661471066008285,3479503.9911794593,4.147189404334221e-07,192.76592014880978,6.726034116194083e-08,1960.8941677404896,41666.6666619406,0.0036921313942247093
12300,123.00000000002602,0.08823066319436405,0.006661144747263981,3800409.896374738,4.5296742565395543e-07,192.76591671626812,7.34599691994e-08,1960.8941677404896,41666.66666150544,0.0036918610687897736
12400,124.00000000002653,0.08825976595256985,0.00666079754693982,4151028.3525937605,4.947573230152359e-07,192.7659129670993,8.023303184900306e-08,1960.8941677404896,41666.66666103014,0.0036915729813229562
12500,125.00000000002704,0.08829083495202263,0.006660427577703498,4534129.724400273,5.40418829769344e-07,192.7659088719782,8.76328933908388e-08,1960.8941677404896,41666.666660510964,0.0036912654892239075
12600,126.00000000002755,0.08832405275970856,0.006660032774069975,4952746.102625835,5.903133380860117e-07,192.76590439884376,9.571794100210286e-08,1960.8941677404896,41666.666659943876,0.003690936797115101
12700,127.00000000002807,0.0883596189039491,0.0066596108760695405,5410196.6613885015,6.448364573327932e-07,192.76589951264054,1.0455206793346917e-07,1960.8941677404896,41666.66665932442,0.0036905849424778902
12800,128.00000000002856,0.0883977514785033,0.0066591594113491435,5910115.589985555,7.04421343252152e-07,192.7658941750348,1.1420520510784468e-07,1960.8941677404896,41666.66665864773,0.0036902077799099153
12900,129.00000000002765,0.08843868890120828,0.006658675675557649,6456482.883201003,7.695423678304224e-07,192.76588834410276,1.247539063577492e-07,1960.8941677404896,41666.666657908485,0.0036898029638663035
13000,130.00000000002674,0.08848269184289374,0.006658156710850034,7053658.308817017,8.407191678548423e-07,192.7658819739885,1.3628199314616287e-07,1960.8941677404896,41666.6666571009,0.0036893679297324298
13100,131.00000000002584,0.08853004534389385,0.006657599282328399,7706418.91144835,9.185211149617298e-07,192.76587501452872,1.4888126533175075e-07,1960.8941677404896,41666.6666562186,0.0036888998730594453
13200,132.00000000002493,0.08858106113737743,0.006656999852219158,8420000.458074762,1.0035722554920885e-06,192.76586741083898,1.6265228535699005e-07,1960.8941677404896,41666.6666552546,0.0036883957267754425
13300,133.00000000002402,0.08863608020095272,0.006656354551564694,9200143.283834921,1.096556774810406e-06,192.76585910286022,1.7770524417357677e-07,1960.8941677404896,41666.66665420133,0.0036878521361643195
13400,134.0000000000231,0.08869547556030459,0.006655659149184299,10053143.057960793,1.1982250480505573e-06,192.76585002485845,1.941609182933044e-07,1960.8941677404896,41666.666653050444,0.0036872654313811646
13500,135.0000000000222,0.08875965537157493,0.006654909017633255,10985907.060601303,1.309400347699627e-06,192.7658401048755,2.1215172858788218e-07,1960.8941677404896,41666.6666517928,0.0036866315972466446
13600,136.0000000000213,0.08882906631192676,0.006654099095860061,12006016.643414525,1.430986288219521e-06,192.76582926412186,2.3182291288583078e-07,1960.8941677404896,41666.66665041845,0.00368594624003321
13700,137.00000000002038,0.08890419731175363,0.006653223848229016,13121796.642245138,1.5639750992813475e-06,192.76581741630977,2.533338260620389e-07,1960.8941677404896,41666.6666489164,0.0036852045509223586
13800,138.00000000001947,0.08898558366540621,0.006652277219539273,14342392.621408693,1.7094568324419454e-06,192.76580446691452,2.768593832257397e-07,1960.8941677404896,41666.66664727462,0.003684401265773985
13900,139.00000000001856,0.08907381156239852,0.006651252585630462,15677856.959040685,1.8686296215789461e-06,192.76579031236082,3.0259166383350007e-07,1960.8941677404896,41666.666645480145,0.003683530620805559
14000,140.00000000001765,0.08916952308587846,0.006650142699118961,17139244.93522105,2.0428111355476153e-06,192.76577483912274,3.307416971429821e-07,1960.8941677404896,41666.66664351848,0.0036825863037293948
14100,141.00000000001674,0.08927342173121083,0.006648939629757659,18738722.163493518,2.2334513828466826e-06,192.76575792272683,3.6154145245032276e-07,1960.8941677404896,41666.66664137386,0.003681561399839814
14200,142.00000000001583,0.08938627850448964,0.006647634698852648,20489684.91724487,2.4421470532108945e-06,192.76573942665004,3.9524606110310625e-07,1960.8941677404896,41666.66663902897,0.003680448332477301
14300,143.00000000001492,0.08950893866828287,0.0066462184071056935,22406895.151615866,2.6706576107507163e-06,192.76571920109458,4.3213630145418196e-07,1960.8941677404896,41666.66663646479,0.0036792387972223875
14400,144.000000000014,0.08964232921145614,0.006644680355174874,24506632.31705278,2.9209233884725275e-06,192.76569708162987,4.7252138284312e-07,1960.8941677404896,41666.66663366053,0.0036779236890865093
14500,145.0000000000131,0.08978746713004242,0.00664300915616193,26806864.411906973,3.1950859758835906e-06,192.76567288768135,5.167420705134375e-07,1960.8941677404896,41666.66663059325,0.0036764930218681816
14600,146.0000000000122,0.08994546861830004,0.006641192339137368,29327441.14051245,3.495511241328987e-06,192.76564642084736,5.651742002801837e-07,1960.8941677404896,41666.66662723786,0.0036749358387284546
14700,147.00000000001128,0.09011755928366887,0.006639216242703819,32090312.544548016,3.8248153904663555e-06,192.76561746302352,6.182326399816538e-07,1960.8941677404896,41666.666623566605,0.0036732401129067507
14800,148.00000000001037,0.09030508551518551,0.006637065897472061,35119777.07734738,4.185894534019029e-06,192.76558577430555,6.763757645611971e-07,1960.8941677404896,41666.66661954918,0.0036713926373434743
14900,149.00000000000946,0.09050952715490101,0.0066347248961787205,38442763.8156822,4.581958324343749e-06,192.7655510906431,7.401105233766999e-07,1960.8941677404896,41666.66661515206,0.0036693789017950467
15000,150.00000000000855,0.09073251164411199,0.006632175250007985,42089154.379517846,5.0165683247558315e-06,192.7655131212093,8.099981924560456e-07,1960.8941677404896,41666.666610338296,0.003667182955815423
15100,151.00000000000765,0.09097582984307907,0.00662939722948777,46092151.1925244,5.493681902167108e-06,192.76547154544426,8.866609214415094e-07,1960.8941677404896,41666.66660506737,0.0036647872557293375
15200,152.00000000000674,0.09124145375459289,0.006626369188108264,50488700.00899205,6.017702587687637e-06,192.76542600972772,9.707892055631198e-07,1960.8941677404896,41666.66659929443,0.0036621724934295407
15300,153.00000000000583,0.09153155641886539,0.006623067366554155,55319976.21214713,6.593538038083113e-06,192.76537612362196,1.0631504379890828e-06,1960.8941677404896,41666.666592969945,0.0036593174044835712
15400,154.00000000000492,0.09184853429191638,0.0066194656751427695,60631946.325617775,7.226666961819684e-06,192.76532145562314,1.1645987283771519e-06,1960.8941677404896,41666.666586039224,0.0036561985526246967
15500,155.000000000004,0.09219503247253366,0.006615535451713109,66476018.56431999,7.923216657636934e-06,192.7652615283399,1.2760862107314283e-06,1960.8941677404896,41666.666578441705,0.0036527900872124794
15600,156.0000000000031,0.09257397320630689,0.006611245191804214,72909799.19905448,8.69005316496156e-06,192.76519581301196,1.3986761094542971e-06,1960.8941677404896,41666.6665701104,0.003649063469664487
15700,157.0000000000022,0.09298858817137563,0.00660656024748711,79997975.16952114,9.534886461756007e-06,192.76512372325524,1.5335578889440827e-06,1960.8941677404896,41666.66656097097,0.003644987164161158
15800,158.00000000000128,0.09344245514233276,0.006601442490656407,87813347.94592763,1.0466393689550518e-05,192.76504460790684,1.6820648820122124e-06,1960.8941677404896,41666.666550940776,0.0036405262870850058
15900,159.00000000000037,0.09393953973937441,0.006595849935933152,96438049.36042497,1.1494364067294651e-05,192.76495774280923,1.8456948793747387e-06,1960.8941677404896,41666.66653992811,0.003635642208641011
16000,159.99999999999946,0.09448424310476015,0.006589736317556744,105964977.3340107,1.2629870014351124e-05,192.7648623213486,2.026134271175847e-06,1960.8941677404896,41666.66652783064,0.0036302920988771177
16100,160.99999999999855,0.09508145651209376,0.006583050613730479,116499498.54354917,1.3885470089841272e-05,192.7647574435157,2.2252864680099325e-06,1960.8941677404896,41666.666514534314,0.003624428408831679
16200,161.99999999999764,0.09573662411453251,0.006575736510802786,128161476.6781488,1.5275450738692168e-05,192.76464210321222,2.4453055012075295e-06,1960.8941677404896,41666.666499911575,0.003617998275714788
16300,162.99999999999673,0.09645581528382817,0.006567731798380935,141087699.78522277,1.6816115604822864e-05,192.76451517346132,2.6886359207800227e-06,1960.8941677404896,41666.66648381951,0.0036109428388022046
16400,163.99999999999582,0.09724580829505021,0.006558967684944282,155434799.32496738,1.8526133450613243e-05,192.76437538910392,2.958060388385187e-06,1960.8941677404896,41666.666466097755,0.0036031964499813845
16500,164.9999999999949,0.09811418748677629,0.006549368021700197,171382778.317064,2.0426958673525212e-05,192.76422132646405,3.256756720718422e-06,1960.8941677404896,41666.66644656582,0.003594685759508449
16600,165.999999999994,0.09906945649217486,0.006538848420247728,189139298.25262567,2.2543342259268674e-05,192.76405137934006,3.588366601096391e-06,1960.8941677404896,41666.66642501999,0.0035853286533448513
16700,166.9999999999931,0.10012117071768306,0.00652731524700754,208944916.83340696,2.4903956063210847e-05,192.7638637305201,3.9570787779416476e-06,1960.8941677404896,41666.666401229915,0.0035750330132277024
16800,167.99999999999218,0.10128009297426734,0.0065146644742568776,231079524.65102732,2.754215999236375e-05,192.76365631781235,4.367730355256652e-06,1960.8941677404896,41666.66637493416,0.003563695264109313
16900,168.99999999999127,0.1025583770829979,0.006500780363869138,255870303.60005206,3.049695056145681e-05,192.76342679331202,4.825930816605248e-06,1960.8941677404896,41666.66634583507,0.0035511986654184154
17000,169.99999999999037,0.10396978543615097,0.006485533955378517,283701630.1231224,3.381414125178616e-05,192.76317247428165,5.338214800451492e-06,1960.8941677404896,41666.666313592534,0.0035374112922773966
17100,170.99999999998946,0.10552994796705299,0.006468781324629254,315027482.24951786,3.754784129494348e-05,192.7628902835555,5.912231487021095e-06,1960.8941677404896,41666.66627781628,0.003522183639742983
17200,171.99999999998855,0.10725667186015313,0.006450361572868896,350387095.06780976,4.176232163447234e-05,192.76257667677314,6.556980943743105e-06,1960.8941677404896,41666.66623805707,0.0035053457665187243
17300,172.99999999998764,0.10917031373882839,0.006430094498533928,390424865.4432016,4.653438735116397e-05,192.76222755292963,7.283111163306735e-06,1960.8941677404896,41666.6661937949,0.003486703873363144
17400,173.99999999998673,0.11129422916260781,0.006407777894989409,435915863.76387703,5.195641838507982e-05,192.76183814362443,8.103294184833744e-06,1960.8941677404896,41666.66614442522,0.003466036184206102
17500,174.99999999998582,0.11365531826000289,0.0063831844069863,487798813.2456218,5.814030030910552e-05,192.76140287488772,9.032706154642453e-06,1960.8941677404896,41666.66608924138,0.003443087962979305
17600,175.9999999999849,0.11628469149418957,0.0063560578665460355,547219113.3743037,6.52225522542311e-05,192.76091519339428,1.008964525731979e-05,1960.8941677404896,41666.66602741243,0.003417565454006922
17700,176.999999999984,0.11921848626573478,0.006326109015523522,615585516.1796982,7.337108210347747e-05,192.76036734597818,1.1296334326515677e-05,1960.8941677404896,41666.66595795532,0.0033891284754434194
17800,177.9999999999831,0.12249887376086815,0.006293010507772777,694645570.7420534,8.27941786545449e-05,192.75975009730303,1.2679973443113648e-05,1960.8941677404896,41666.66587969921,0.003357381319818858
17900,178.99999999998218,0.1261753067267008,0.006256391069912251,786587180.8137593,9.375261618108319e-05,192.75905236472727,1.4274134739017763e-05,1960.8941677404896,41666.665791238884,0.003321861518485985
18000,179.99999999998127,0.1303060733747044,0.006215828688772032,894176967.2882859,0.00010657614573049144,192.7582607410071,1.6120631308879374e-05,1960.8941677404896,41666.66569087443,0.0032820259021001837
18100,180.99999999998036,0.13496024109986474,0.006170842690752846,1020951229.2529849,0.00012168625559945795,192.75735886316286,1.8272051507478164e-05,1960.8941677404896,41666.66557653104,0.003237233231454001
18200,181.99999999997945,0.14022009672612237,0.00612088459298921,1171483203.457157,0.00013962802574875554,192.75632656747914,2.0795240134422255e-05,1960.8941677404896,41666.66544565218,0.003186722477832585
18300,182.99999999997854,0.14618421749214425,0.006065327655756407,1351762789.344757,0.00016111538688718554,192.7551387428326,2.3776147395025717e-05,1960.8941677404896,41666.6652950538,0.003129585601181942
18400,183.99999999997763,0.152971337166855,0.006003455181642671,1569744936.3812835,0.00018709648226214646,192.7537637517349,2.7326685706167993e-05,1960.8941677404896,41666.66512072437,0.003064733425086806
18500,184.99999999997672,0.16072519845174715,0.005934447847117151,1836155712.9519763,0.00021884974228412768,192.752161221297,3.159458563094387e-05,1960.8941677404896,41666.664917544585,0.0029908529947199783
18600,185.9999999999758,0.16962059027034698,0.005857370820737911,2165700003.2967825,0.00025812782883443373,192.75027889871419,3.677781643913121e-05,1960.8941677404896,41666.664678888694,0.002906354768011339
18700,186.9999999999749,0.17987071872922084,0.00577116230961701,2578908751.064377,0.00030737780655723827,192.74804808983606,4.3146095819320946e-05,1960.8941677404896,41666.66439604593,0.002809308461738424
18800,187.999999999974,0.19173586695842282,0.005674626829055957,3105028182.7194915,0.00037008550678996083,192.7453769048011,5.107365136905698e-05,1960.8941677404896,41666.66405736385,0.0026973680998051827
18900,188.99999999997308,0.20553276905052165,0.005566439542684569,3786648308.6735315,0.0004513271944357721,192.7421400299251,6.109026060364255e-05,1960.8941677404896,41666.663646951136,0.0025676914420667465
19000,189.99999999997218,0.22164283468009885,0.005445173618991189,4687308910.5919,0.0005586761187263001,192.7381628586858,7.396272433391486e-05,1960.8941677404896,41666.66314266471,0.0024168701064592145
19100,190.99999999997127,0.24051440502805396,0.005309372729643875,5904334979.498372,0.0007037323575052237,192.7331962199506,9.082832550230147e-05,1960.8941677404896,41666.662512903866,0.0022409120348814834
19200,191.99999999997036,0.2626477060655326,0.005157709001356458,7591085715.993263,0.0009047746554844061,192.72687500655994,0.00011341940830869444,1960.8941677404896,41666.66171136195,0.0020353734313564515
19300,192.99999999996945,0.2885374412870224,0.004989297964001251,9996508555.324724,0.0011914748327943757,192.7186485059973,0.0001444516072043246,1960.8941677404896,41666.66066818668,0.0017958534761845944
19400,193.99999999996854,0.3185212810108314,0.004804290832805423,13536900240.527271,0.001613450922526865,192.70765983911008,0.00018831183125058486,1960.8941677404896,41666.65927468077,0.0015192895570771984
19500,194.99999999996763,0.35243973234362097,0.004604922438017411,18927241897.82293,0.0022559208798411043,192.69253252673755,0.00025230023419035955,1960.8941677404896,41666.65735621087,0.0012068469721771076
19600,195.99999999996672,0.38898248230617055,0.004397191772533461,27417928342.63456,0.003267918134297792,192.6709881261633,0.00034888223899995076,1960.8941677404896,41666.65462365576,0.0008694379151784445
19700,196.9999999999658,0.4247410233542815,0.0041930301605327,41195857260.19909,0.00491009704731076,192.6391682308538,0.0004996772409473064,1960.8941677404896,41666.65058726342,0.000535644553386643
19800,197.9999999999649,0.45375460828427244,0.004011538323446231,63971706119.57743,0.0076247299175065345,192.5904901215749,0.0007420241075528057,1960.8941677404896,41666.644411096604,0.00025527157185377446
19900,198.999999999964,0.4697731109723213,0.003875342147473926,101641398712.82767,0.012114546580550486,192.51390439988342,0.0011383287414682463,1960.8941677404896,41666.634690917126,7.951246687073915e-05
20000,199.99999999996308,0.47183355248845876,0.0037985561800541875,162917828480.9729,0.019418028942234468,192.39156426509896,0.0017871649219107968,1960.8941677404896,41666.61915561508,1.2325883603228605e-05
20100,200.99999999996217,0.4651542072930233,0.0037760065609268832,260404820190.8829,0.031037415501486868,192.195786544847,0.0028366596473404057,1960.8941677404896,41666.59427432407,6.225046714774693e-07
20200,201.99999999996126,0.4531922762144224,0.0037926709788064566,412342757120.76373,0.04914676107917107,191.88471126699338,0.004504356812438759,1960.8941677404896,41666.55468777865,5.384116232829592e-09
20300,202.99999999996035,0.434670187199581,0.003841770764797749,643197354463.8602,0.07666211218870092,191.3968456151765,0.007099385384127757,1960.8941677404896,41666.49247404127,3.082381117318824e-12
20400,203.99999999995944,0.4063765701874368,0.003929037846339952,980386180289.586,0.11685134402373416,190.6470255898687,0.01102457239845609,1960.8941677404896,41666.39654562649,3.08775712715182e-17
20500,204.99999999995853,0.3643616301693214,0.004070722781148878,1443219211085.2476,0.1720159952544119,189.5293612421316,0.016718235367436197,1960.8941677404896,41666.25285475677,1.003076206759209e-24
20600,205.99999999995762,0.30476199849315116,0.00429348362856545,2019870945304.2478,0.24074659502398835,187.93662289407385,0.024476657435383253,1960.8941677404896,41666.04661659301,1.7936813060662598e-35
20700,206.9999999999567,0.22556528363025616,0.0046352556705450305,2637467245708.2114,0.31435734068441,185.80495195310402,0.03412513723224132,1960.8941677404896,41665.767843550384,5.341033660906713e-50
20800,207.9999999999558,0.12904605547950357,0.005144640087781482,3152896844464.2007,0.3757909293815304,183.17611288513962,0.04465933601002563,1960.8941677404896,41665.41961745493,3.858588528207781e-68
20900,208.9999999999549,0.023213853647216683,0.005876180373732551,3403338091270.7065,0.40564079556352395,180.23585293674384,0.054217504825739664,1960.8941677404896,41665.02417239884,9.783709637982547e-89
21000,209.99999999995399,-0.0798335528935848,0.006879690770070148,3305816128646.986,0.3940172408526159,177.27532767088988,0.06070614469508651,1960.8941677404896,41664.619433384956,8.159915417928332e-110
21100,210.99999999995308,-0.16846436707331655,0.008184470632563032,2915240523917.2197,0.3474648870219295,174.5802258104848,0.06280117076717215,1960.8941677404896,41664.24506324205,2.5733080269024652e-129
21200,211.99999999995217,-0.23574564179149718,0.009783034941989384,2377239506384.995,0.28334103129172367,172.32849984920855,0.06052180801976378,1960.8941677404896,41663.92782557764,7.604397597003986e-146
21300,212.99999999995126,-0.2805789026479853,0.011621623181912932,1833068769425.7288,0.2184818122712211,170.56503063097782,0.05497318675785931,1960.8941677404896,41663.67647042588,6.057053869470538e-159
21400,213.99999999995035,-0.3060942711245508,0.013603951254650755,1365118277307.6113,0.16270721544406236,169.2417882816918,0.0476464155506144,1960.8941677404896,41663.4861512427,7.303169373590602e-169
21500,214.99999999994944,-0.3172779019834382,0.015609517562447356,998580493188.4142,0.11901990775765832,168.27243926483155,0.03984343260007259,1960.8941677404896,41663.345785661695,3.5316383071862524e-176
21600,215.99999999994853,-0.3191614028245381,0.01752022054478072,725985144942.1218,0.08652951421927903,167.56947052431295,0.03243972646952075,1960.8941677404896,41663.24348655622,1.6456165541485145e-181
21700,216.99999999994762,-0.3158622417628423,0.01924428191927971,528332350190.63245,0.06297145599579743,167.06022259369036,0.025897612319727904,1960.8941677404896,41663.16911030383,2.1875268152926408e-185
21800,217.9999999999467,-0.31028621359630565,0.02072861974042777,386275723476.5576,0.046039854864787615,166.6898521183136,0.020380390587754073,1960.8941677404896,41663.1148748031,3.2604298004763425e-188
21900,218.9999999999458,-0.3042242991546862,0.021957983073242024,284094139133.8497,0.03386092404653278,166.41883619366442,0.015872242611796497,1960.8941677404896,41663.07511200442,2.759867986363139e-190
22000,219.9999999999449,-0.29862176920865413,0.022945403663761146,210175652614.70526,0.025050646350236648,166.21922934387698,0.012268151896075651,1960.8941677404896,41663.045784764996,8.17308732327898e-192
22100,220.99999999994398,-0.2938697491148746,0.02372020253686503,156299681834.75455,0.018629218016392616,166.0713374935183,0.009430516371653168,1960.8941677404896,41663.024033043686,6.00770008519426e-193
22200,221.99999999994307,-0.2900426075394162,0.024317871584246125,116733575154.04839,0.013913369469790993,165.96120853215865,0.007220349028458494,1960.8941677404896,41663.00782285471,8.587104441253377e-194
22300,222.99999999994216,-0.28706030988685294,0.024773405272031278,87479789782.39082,0.010426637193077003,165.8788668891917,0.005512106091367927,1960.8941677404896,41662.995695733174,2.0034974552960628e-194
22400,223.99999999994125,-0.2847852968202453,0.02511781827189593,65728839181.357025,0.00783416102131589,165.81710658617448,0.004199075488646142,1960.8941677404896,41662.98659584324,6.722113726606237e-195
22500,224.99999999994034,-0.2830732160237667,0.02537689072212653,49484018004.67692,0.005897955446325439,165.7706714953838,0.0031938385875940143,1960.8941677404896,41662.979751770436,2.9566025869152637e-195
22600,225.99999999993943,-0.2817954443333161,0.025571192920106952,37309457383.01046,0.00444688055345012,165.73569537391134,0.0024264674389188746,1960.8941677404896,41662.97459537108,1.592352662895799e-195
22700,226.99999999993852,-0.2808462798529884,0.02571670694474693,28161324948.75043,0.0033565229048604112,165.70931469671572,0.001841911297563576,1960.8941677404896,41662.970705446496,9.98372246760307e-196
22800,227.99999999993761,-0.2801427750287818,0.02582563713587229,21273722312.378094,0.002535595762737913,165.6893970466109,0.0013973048232631402,1960.8941677404896,41662.96776810816,7.017674858080314e-196
22900,228.9999999999367,-0.2796216298183471,0.025907201011846664,16080436682.038738,0.001916612735432234,165.67434778865916,0.0010595266282147824,1960.8941677404896,41662.96554849772,5.376516637194866e-196
23000,229.9999999999358,-0.2792353568314883,0.025968313653236187,12160397142.364906,0.0014493867605600002,165.66297065372387,0.0008031237562518115,1960.8941677404896,41662.96387035386,4.39571223483528e-196
23100,230.9999999999349,-0.278948693926431,0.02601414325403771,9199044373.141157,0.0010964257966365903,165.65436607951582,0.0006086128024610306,1960.8941677404896,41662.9626010902,3.7745727704049023e-196
23200,231.99999999993398,-0.2787356057011527,0.026048545504271672,6960579276.667516,0.0008296251620173825,165.6478564159628,0.00046112214385147024,1960.8941677404896,41662.96164080372,3.363642492618684e-196
23300,232.99999999993307,-0.2785769201614739,0.02607439555352385,5267786833.163689,0.0006278627584324853,165.64293050680462,0.00034932379523007137,1960.8941677404896,41662.96091412298,3.082670290784746e-196
23400,233.99999999993216,-0.27845852804486915,0.026093838177956012,3987224890.960881,0.00047523373625691544,165.63920240469537,0.0002646021201775161,1960.8941677404896,41662.96036413098,2.885712788688946e-196
23500,234.99999999993125,-0.2783700383248217,0.026108474743262118,3018268520.001887,0.0003597447008918163,165.63638048857953,0.00020041172511366394,1960.8941677404896,41662.959947816744,2.745024588244526e-196
23600,235.99999999993034,-0.278303786265745,0.026119502291702255,2284958840.413821,0.000272342181998528,165.6342442908201,0.00015178412322979274,1960.8941677404896,41662.95963266108,2.643088007286028e-196
23700,236.99999999992943,-0.27825410642452564,0.02612781679371669,1729911508.7049677,0.00020618659146602047,165.6326270691158,0.00011495015077065784,1960.8941677404896,41662.95939406785,2.5684276756271734e-196
23800,237.99999999992852,-0.2782168014765296,0.026134089759121938,1309749234.8419359,0.0001561078292435038,165.63140267640725,8.705177961611891e-05,1960.8941677404896,41662.95921342822,2.513295322637471e-196
23900,238.9999999999276,-0.27818875439299534,0.02613882511266005,991668489.9975616,0.00011819607233546897,165.630475656127,6.592260794724328e-05,1960.8941677404896,41662.95907666028,2.472328859914208e-196
24000,239.9999999999267,-0.27816764503265595,0.02614240146799118,750853963.1549915,8.949360621779881e-05,165.62977376335996,4.9920912461137555e-05,1960.8941677404896,41662.958973106,2.4417433131133436e-196
24100,240.9999999999258,-0.27815174264082076,0.026145103597105562,568528742.0897791,6.77624276687484e-05,165.62924231372983,3.780281679743403e-05,1960.8941677404896,41662.95889469786,2.418824507756609e-196
24200,241.99999999992488,-0.2781397535419238,0.026147145896395736,430482391.28399754,5.130880770394767e-05,165.62883991106884,2.862601578768879e-05,1960.8941677404896,41662.958835328674,2.4016017867120683e-196
24300,242.99999999992397,-0.2781307090273281,0.026148689914959066,325958940.22723275,3.885075190559453e-05,165.62853521619053,2.1676738902631366e-05,1960.8941677404896,41662.95879037489,2.388630352804428e-196
24400,243.99999999992306,-0.2781238825884829,0.02614985746936116,246816295.45343935,2.9417811501763997e-05,165.6283045023378,1.641436875393997e-05,1960.8941677404896,41662.95875633594,2.3788429149348936e-196
24500,244.99999999992215,-0.2781187286389333,0.026150740471323677,186890553.64556286,2.227531641905967e-05,165.6281298053698,1.2429461316744732e-05,1960.8941677404896,41662.958730561644,2.3714464371955053e-196
24600,245.99999999992124,-0.27811483702388656,0.026151408302451017,141515114.9507266,1.6867058832654266e-05,165.62799752376205,9.41193299451296e-06,1960.8941677404896,41662.958711045096,2.3658490152022245e-196
24700,246.99999999992033,-0.27811189916850093,0.02615191335495528,107156812.59418677,1.277192378337234e-05,165.62789735890448,7.126956942509073e-06,1960.8941677404896,41662.958696266985,2.361607342933257e-196
24800,247.99999999991942,-0.2781096828353724,0.02615229519866726,81140534.99409714,9.671067136079457e-06,165.62782151290713,5.396703118142649e-06,1960.8941677404896,41662.95868507684,2.3583885333081976e-196
24900,248.99999999991851,-0.27810801327225965,0.026152583717323104,61440790.925968565,7.323072419747918e-06,165.6277640812964,4.086506815662357e-06,1960.8941677404896,41662.9586766035,2.3559421135644046e-196
25000,249.9999999999176,-0.2781067591195269,0.0261528014701735,46523928.10835324,5.545145003083238e-06,165.62772059322785,3.0943925366472628e-06,1960.8941677404896,41662.958670187356,2.35407933386353e-196
25100,250.9999999999167,-0.27810582187600774,0.026152965470340732,35228686.34324543,4.1988753311300875e-06,165.6276876633709,2.343139730603818e-06,1960.8941677404896,41662.958665328966,2.352657792105639e-196
25200,251.9999999999158,-0.278105128036984,0.02615308852317901,26675766.219279397,3.179460500621292e-06,165.627662728333,1.774273943835041e-06,1960.8941677404896,41662.9586616501,2.3515699584966923e-196
25300,252.99999999991488,-0.27810462325016255,0.02615318023187646,20199362.04328567,2.407543731882003e-06,165.62764384709027,1.3435162995673144e-06,1960.8941677404896,41662.95865886442,2.350734581489058e-196
25400,253.99999999991397,-0.27810426800797894,0.026153247750511168,15295322.554633016,1.8230356911574144e-06,165.62762954987696,1.0173374692725261e-06,1960.8941677404896,41662.95865675506,2.350090234724783e-196
25500,254.99999999991306,-0.2781040345241146,0.02615329634439969,11581900.254621297,1.380436238607089e-06,165.62761872376672,7.703481088988548e-07,1960.8941677404896,41662.95865515782,2.349590461870461e-196
25600,255.99999999991215,-0.27810390454035416,0.02615332980212609,8770031.782507485,1.0452921731456501e-06,165.62761052603528,5.83322752804667e-07,1960.8941677404896,41662.958653948335,2.349200118074878e-196
25700,256.99999999991127,-0.2781038678864203,0.026153350731807738,6640834.641782902,7.915150875571233e-07,165.62760431855892,4.417034143482437e-07,1960.8941677404896,41662.9586530325,2.3488926099029494e-196
25800,257.99999999991036,-0.27810392167651754,0.026153360764964627,5028567.860728173,5.993504650045935e-07,165.62759961813927,3.344664526547829e-07,1960.8941677404896,41662.95865233905,2.34864781124349e-196
25900,258.99999999990945,-0.2781040700771961,0.026153360684051337,3807729.8054858577,4.538398790146436e-07,165.62759605889053,2.5326452472499957e-07,1960.8941677404896,41662.95865181395,2.348450488572915e-196
26000,259.99999999990854,-0.2781043246270511,0.026153350483700512,2883288.5848585735,3.4365656424236484e-07,165.6275933637574,1.9177684501124775e-07,1960.8941677404896,41662.9586514163,2.3482891104765894e-196
26100,260.99999999990763,-0.2781047051318349,0.026153329370521575,2183284.4336137674,2.6022370121385106e-07,165.62759132294852,1.4521718373603563e-07,1960.8941677404896,41662.9586511152,2.3481549473131187e-196
26200,261.9999999999067,-0.2781052412041249,0.02615329570148775,1653228.1574733779,1.9704677203995658e-07,165.62758977760637,1.0996131049013866e-07,1960.8941677404896,41662.958650887194,2.348041390106881e-196
26300,262.9999999999058,-0.2781059745668405,0.026153246856152012,1251859.5640772036,1.4920801163086432e-07,165.62758860744103,8.326488550425486e-08,1960.8941677404896,41662.95865071454,2.3479434351722123e-196
26400,263.9999999999049,-0.27810696229958615,0.026153179032771614,947935.6862456236,1.1298359892541878e-07,165.62758772136635,6.30498404431606e-08,1960.8941677404896,41662.95865058384,2.3478572940760865e-196
26500,264.999999999904,-0.27810828127997134,0.0261530869524995,717798.7749973817,8.555378817381823e-08,165.6275870504107,4.7742621241676686e-08,1960.8941677404896,41662.95865048484,2.3477800984192484e-196
26600,265.9999999999031,-0.27811003416532065,0.02615296344865273,543534.7441550762,6.478341561215884e-08,165.62758654234725,3.6151702136439785e-08,1960.8941677404896,41662.95865040988,2.3477096763635325e-196
26700,266.9999999999022,-0.2781123573794907,0.026152798909142072,411578.71331691305,4.9055695387744676e-08,165.6275861576287,2.7374836749884134e-08,1960.8941677404896,41662.95865035312,2.34764438345664e-196
26800,267.99999999990126,-0.2781154317251423,0.02615258052875075,311659.10060933576,3.7146366927236775e-08,165.6275858663096,2.0728826725274112e-08,1960.8941677404896,41662.958650310145,2.3475829745544763e-196
26900,268.99999999990035,-0.2781194964454771,0.026152291313215774,235998.0708544327,2.8128397075327308e-08,165.627585645714,1.5696341131143477e-08,1960.8941677404896,41662.95865027759,2.3475245068531566e-196
27000,269.99999999989944,-0.27812486782600504,0.026151908757856886,178706.10040834273,2.1299818824238328e-08,165.62758547867168,1.1885647062250974e-08,1960.8941677404896,41662.958650252935,2.347468266471874e-196
27100,270.99999999989853,-0.2781319637777545,0.026151403098366045,135323.53053530704,1.6129089474126104e-08,165.627585352181,9.000116861172038e-09,1960.8941677404896,41662.95865023428,2.347413712865442e-196
27200,271.9999999998976,-0.27814133630375765,0.026150734998413003,102473.42312571824,1.2213714819415402e-08,165.62758525639677,6.815138392831987e-09,1960.8941677404896,41662.958650220164,2.347360436735703e-196
27300,272.9999999998967,-0.27815371435580194,0.026149852495490376,77598.69656873013,9.248918610692457e-09,165.6275851838638,5.16063105722421e-09,1960.8941677404896,41662.95865020946,2.3473081281632986e-196
27400,273.9999999998958,-0.2781700603819004,0.026148686969738467,58763.08010566431,7.003918483727496e-09,165.62758512893745,3.90780657700198e-09,1960.8941677404896,41662.958650201355,2.3472565524777416e-196
27500,274.9999999998949,-0.27819164490478676,0.026147147826280116,44500.392719631236,5.303961646355471e-09,165.62758508734308,2.959144011258511e-09,1960.8941677404896,41662.95865019522,2.347205531986626e-196
27600,275.999999999894,-0.2782201448288429,0.0261451154846598,33700.41426548252,4.016721961457137e-09,165.62758505584378,2.240798643631596e-09,1960.8941677404896,41662.95865019054,2.3471549321411663e-196
27700,276.9999999998931,-0.2782577729407938,0.026142432142788007,25522.464930255184,3.0419995608445015e-09,165.62758503198887,1.6968538469968325e-09,1960.8941677404896,41662.958650187065,2.3471046510608614e-196
27800,277.99999999989217,-0.27830744835858956,0.026138889619273298,19329.965962990602,2.303921197707319e-09,165.62758501392236,1.2849684854759659e-09,1960.8941677404896,41662.95865018441,2.3470546116016276e-196
27900,278.99999999989126,-0.27837302062914615,0.026134213367497616,14640.887817775229,1.745034205502993e-09,165.62758500023892,9.730810440750923e-10,1960.8941677404896,41662.95865018233,2.3470047553498024e-196
28000,279.99999999989035,-0.27845956393271987,0.02612804148614409,11090.228546625714,1.3218343314680487e-09,165.62758498987446,7.369139327227537e-10,1960.8941677404896,41662.95865018087,2.346955038074429e-196
28100,280.99999999988944,-0.2785737625817336,0.02611989721232956,8401.601725514405,1.0013793271631971e-09,165.62758498202314,5.580836976680312e-10,1960.8941677404896,41662.95865017964,2.3469054262837057e-196
28200,281.99999999988853,-0.2787244148492829,0.02610915296437904,6365.722291719133,7.587246948437297e-10,165.6275849760748,4.226700375086262e-10,1960.8941677404896,41662.95865017891,2.3468558946175465e-196
28300,282.9999999998876,-0.27892308919749803,0.026094983495945058,4824.11561062123,5.749819858338488e-10,165.62758497156736,3.201322348443076e-10,1960.8941677404896,41662.95865017818,2.346806423873226e-196
28400,283.9999999998867,-0.27918497509020324,0.026076305138306295,3656.7816711028236,4.358485071092149e-10,165.6275849681512,2.4248865767090216e-10,1960.8941677404896,41662.958650177454,2.346756999510371e-196
28500,284.9999999998858,-0.2795299792878792,0.026051697475729378,2772.8541795230394,3.3049398713820045e-10,165.62758496556125,1.8369546219921205e-10,1960.8941677404896,41662.958650176966,2.3467076105189706e-196
28600,285.9999999998849,-0.27998412665047767,0.026019303201436732,2103.5274478666147,2.507175380638527e-10,165.62758496359697,1.3917613479087497e-10,1960.8941677404896,41662.958650176966,2.346658248562203e-196
28700,286.999999999884,-0.280581329565227,0.025976701509202553,1596.7004987909447,1.9030929141818157e-10,165.6275849621064,1.0546525214874795e-10,1960.8941677404896,41662.958650176966,2.346608907327394e-196
28800,287.9999999998831,-0.28136558756434604,0.025920750509599678,1212.9214799908966,1.4456701653049472e-10,165.6275849609748,7.993872974633695e-11,1960.8941677404896,41662.958650176966,2.3465595820345705e-196
28900,288.99999999988216,-0.2823936603984715,0.02584739538856215,922.3166975311968,1.0993009478185235e-10,165.62758496011458,6.060956079984202e-11,1960.8941677404896,41662.958650176966,2.346510269064305e-196
29000,289.99999999988125,-0.2837382103545493,0.025751442294488544,702.2652214064213,8.370235794044615e-11,165.62758495946014,4.5973145926840616e-11,1960.8941677404896,41662.958650176966,2.3464609656759604e-196
29100,290.99999999988034,-0.2854913121039726,0.025626304723058376,535.6380525874166,6.384221607102573e-11,165.6275849589615,3.4890173817647626e-11,1960.8941677404896,41662.958650176966,2.346411669794308e-196
29200,291.99999999987944,-0.2877680511494429,0.02546374158003227,409.4647867753401,4.880373839108734e-11,165.62758495858077,2.6497936248815065e-11,1960.8941677404896,41662.958650176966,2.3463623798479735e-196
29300,292.9999999998785,-0.2907096382115147,0.025253626793341092,313.9239868033903,3.741631666863156e-11,165.62758495828928,2.0143174122143975e-11,1960.8941677404896,41662.958650176966,2.346313094647105e-196
29400,293.9999999998776,-0.2944850228410346,0.02498382183050306,241.57867339108032,2.8793544055139933e-11,165.62758495806546,1.533122720634224e-11,1960.8941677404896,41662.958650176966,2.3462638132907317e-196
29500,294.9999999998767,-0.2992893917813582,0.024640265246005183,186.79742418313302,2.2264216402482728e-11,165.62758495789282,1.1687529352874033e-11,1960.8941677404896,41662.958650176966,2.346214535096635e-196
29600,295.9999999998758,-0.30533726920569715,0.024207441991458366,145.31601891631257,1.7320085145971728e-11,165.62758495775896,8.92845194001534e-12,1960.8941677404896,41662.958650176966,2.3461652595482305e-196
29700,296.9999999998749,-0.3128474547146307,0.023669432008036777,113.90550879102123,1.3576294792330417e-11,165.62758495765445,6.839225973363009e-12,1960.8941677404896,41662.958650176966,2.3461159862543544e-196
29800,297.999999999874,-0.32201726390009694,0.023011725986108192,90.12087227762355,1.0741425432089572e-11,165.6275849575722,5.257224279836076e-12,1960.8941677404896,41662.958650176966,2.3460667149188085e-196
29900,298.99999999987307,-0.3329852499550487,0.022223880685969817,72.11069250594187,8.594808359408638e-12,165.6275849575067,4.059302466561109e-12,1960.8941677404896,41662.958650176966,2.346017445317303e-196
30000,299.99999999987216,-0.3457854902276484,0.021302813799181034,58.47304135972547,6.9693490273610435e-12,165.62758495745402,3.1522132538328325e-12,1960.8941677404896,41662.958650176966,2.3459681772800095e-196
